code,name,brand,slug,image_file,image_path,size_bytes
CASTROL-EDGE-5W-30,Castrol EDGE 5W-30,Castrol,huile-castrol-edge-5w-30,huile-castrol-edge-5w-30.webp,/home/z/my-project/download/product-images/huile-castrol-edge-5w-30.webp,19030
CASTROL-MAGNETEC-SS-5W-30,Castrol Magnatec Stop-Start 5W-30,Castrol,huile-castrol-magnetec-ss-5w-30,huile-castrol-magnetec-ss-5w-30.webp,/home/z/my-project/download/product-images/huile-castrol-magnetec-ss-5w-30.webp,19030
ELF-EVO-900-NF-5W-40,ELF EVOLUTION 900 NF 5W-40,ELF,huile-elf-evo-900-nf-5w-40,huile-elf-evo-900-nf-5w-40.webp,/home/z/my-project/download/product-images/huile-elf-evo-900-nf-5w-40.webp,102444
ELF-EVO-900-SXR-5W-40,ELF EVOLUTION 900 SXR 5W-40,ELF,huile-elf-evo-900-sxr-5w-40,huile-elf-evo-900-sxr-5w-40.webp,/home/z/my-project/download/product-images/huile-elf-evo-900-sxr-5w-40.webp,102444
ELF-EVO-FULLTECH-FE-5W-30,ELF EVOLUTION FULL-TECH FE 5W-30,ELF,huile-elf-evo-fulltech-fe-5w-30,huile-elf-evo-fulltech-fe-5w-30.jpg,/home/z/my-project/download/product-images/huile-elf-evo-fulltech-fe-5w-30.jpg,244804
ELF-EVO-FULLTECH-PCX-5W-30,ELF EVOLUTION FULL-TECH PCX 5W-30,ELF,huile-elf-evo-fulltech-pcx-5w-30,huile-elf-evo-fulltech-pcx-5w-30.jpg,/home/z/my-project/download/product-images/huile-elf-evo-fulltech-pcx-5w-30.jpg,244804
LIQUI-MOLY-ADDITIF-A,liqui-moly-additif-anti-cristallisation-adblue-concentre,Liqui Moly,liqui-moly-additif-anti-cristallisation-adblue-concentre,liqui-moly-additif-anti-cristallisation-adblue-concentre.png,/home/z/my-project/download/product-images/liqui-moly-additif-anti-cristallisation-adblue-concentre.png,139432
LIQUI-MOLY-ADDITIF-C,liqui-moly-additif-common-rail-250ml,Liqui Moly,liqui-moly-additif-common-rail-250ml,liqui-moly-additif-common-rail-250ml.jpg,/home/z/my-project/download/product-images/liqui-moly-additif-common-rail-250ml.jpg,35488
LIQUI-MOLY-ADDITIF-D,liqui-moly-additif-diesel-5-en-1-pro-line,Liqui Moly,liqui-moly-additif-diesel-5-en-1-pro-line,liqui-moly-additif-diesel-5-en-1-pro-line.png,/home/z/my-project/download/product-images/liqui-moly-additif-diesel-5-en-1-pro-line.png,228753
AUTO-LIQUIMOLYADDITIFDIESELANTIBACTERIEN-2625,liqui-moly-additif-diesel-anti-bacterien-1l,Liqui Moly,liqui-moly-additif-diesel-anti-bacterien-1l,liqui-moly-additif-diesel-anti-bacterien-1l.jpg,/home/z/my-project/download/product-images/liqui-moly-additif-diesel-anti-bacterien-1l.jpg,57357
LIQUI-MOLY-ADDITIF-E,liqui-moly-additif-essence-5-en-1-300ml,Liqui Moly,liqui-moly-additif-essence-5-en-1-300ml,liqui-moly-additif-essence-5-en-1-300ml.png,/home/z/my-project/download/product-images/liqui-moly-additif-essence-5-en-1-300ml.png,502883
LIQUI-MOLY-ANTI-RONG,liqui-moly-anti-rongeurs,Liqui Moly,liqui-moly-anti-rongeurs,liqui-moly-anti-rongeurs.jpg,/home/z/my-project/download/product-images/liqui-moly-anti-rongeurs.jpg,16597
LIQUI-MOLY-CATALYTIC,liqui-moly-catalytic-system-clean-300ml,Liqui Moly,liqui-moly-catalytic-system-clean-300ml,liqui-moly-catalytic-system-clean-300ml.jpg,/home/z/my-project/download/product-images/liqui-moly-catalytic-system-clean-300ml.jpg,49677
AUTO-LIQUIMOLYCATALYTICSYSTEMCLEANER300M-2538,liqui-moly-catalytic-system-cleaner-300ml,Liqui Moly,liqui-moly-catalytic-system-cleaner-300ml,liqui-moly-catalytic-system-cleaner-300ml.jpg,/home/z/my-project/download/product-images/liqui-moly-catalytic-system-cleaner-300ml.jpg,41563
LIQUI-MOLY-CREATEC,liqui-moly-createc,Liqui Moly,liqui-moly-createc,liqui-moly-createc.jpg,/home/z/my-project/download/product-images/liqui-moly-createc.jpg,50253
LIQUI-MOLY-ENGINE-FL,liqui-moly-engine-flush-shooter,Liqui Moly,liqui-moly-engine-flush-shooter,liqui-moly-engine-flush-shooter.jpg,/home/z/my-project/download/product-images/liqui-moly-engine-flush-shooter.jpg,51295
LIQUI-MOLY-ENTRETIEN,liqui-moly-entretien-circuits-dinjection-marine,Liqui Moly,liqui-moly-entretien-circuits-dinjection-marine,liqui-moly-entretien-circuits-dinjection-marine.jpg,/home/z/my-project/download/product-images/liqui-moly-entretien-circuits-dinjection-marine.jpg,40549
LIQUI-MOLY-G11-PRET,liqui-moly-g11-pret-a-lemploi-50-50-5l,Liqui Moly,liqui-moly-g11-pret-a-lemploi-50-50-5l,liqui-moly-g11-pret-a-lemploi-50-50-5l.png,/home/z/my-project/download/product-images/liqui-moly-g11-pret-a-lemploi-50-50-5l.png,324204
LIQUI-MOLY-HUILE-DE,liqui-moly-huile-de-boite-moto-75w-140-gl5,Liqui Moly,liqui-moly-huile-de-boite-moto-75w-140-gl5,liqui-moly-huile-de-boite-moto-75w-140-gl5.webp,/home/z/my-project/download/product-images/liqui-moly-huile-de-boite-moto-75w-140-gl5.webp,14024
LIQUI-MOLY-HUILE-MAR,liqui-moly-huile-marine-4t-10w-30,Liqui Moly,liqui-moly-huile-marine-4t-10w-30,liqui-moly-huile-marine-4t-10w-30.jpg,/home/z/my-project/download/product-images/liqui-moly-huile-marine-4t-10w-30.jpg,59120
AUTO-LIQUIMOLYHUILEMARINE4T10W40-2610,liqui-moly-huile-marine-4t-10w-40,Liqui Moly,liqui-moly-huile-marine-4t-10w-40,liqui-moly-huile-marine-4t-10w-40.png,/home/z/my-project/download/product-images/liqui-moly-huile-marine-4t-10w-40.png,432978
AUTO-LIQUIMOLYHUILEMARINE4T25W401L-2599,liqui-moly-huile-marine-4t-25w40-1l,Liqui Moly,liqui-moly-huile-marine-4t-25w40-1l,liqui-moly-huile-marine-4t-25w40-1l.png,/home/z/my-project/download/product-images/liqui-moly-huile-marine-4t-25w40-1l.png,452398
LIQUI-MOLY-HUILE-POU,liqui-moly-huile-pour-systeme-hydraulique-central-1l,Liqui Moly,liqui-moly-huile-pour-systeme-hydraulique-central-1l,liqui-moly-huile-pour-systeme-hydraulique-central-1l.png,/home/z/my-project/download/product-images/liqui-moly-huile-pour-systeme-hydraulique-central-1l.png,393098
LIQUI-MOLY-HUILE-TRA,liqui-moly-huile-transmission-10w30-1l,Liqui Moly,liqui-moly-huile-transmission-10w30-1l,liqui-moly-huile-transmission-10w30-1l.jpg,/home/z/my-project/download/product-images/liqui-moly-huile-transmission-10w30-1l.jpg,16218
LIQUI-MOLY-HYBRID-AD,liqui-moly-hybrid-additive-250ml,Liqui Moly,liqui-moly-hybrid-additive-250ml,liqui-moly-hybrid-additive-250ml.png,/home/z/my-project/download/product-images/liqui-moly-hybrid-additive-250ml.png,277026
AUTO-LIQUIMOLYLIQUIDEDEFREINDOT3500ML-2568,liqui-moly-liquide-de-frein-dot-3-500ml,Liqui Moly,liqui-moly-liquide-de-frein-dot-3-500ml,liqui-moly-liquide-de-frein-dot-3-500ml.jpg,/home/z/my-project/download/product-images/liqui-moly-liquide-de-frein-dot-3-500ml.jpg,42144
AUTO-LIQUIMOLYLIQUIDEDEFREINDOT4250ML-2585,liqui-moly-liquide-de-frein-dot-4-250ml,Liqui Moly,liqui-moly-liquide-de-frein-dot-4-250ml,liqui-moly-liquide-de-frein-dot-4-250ml.jpg,/home/z/my-project/download/product-images/liqui-moly-liquide-de-frein-dot-4-250ml.jpg,42164
AUTO-LIQUIMOLYLIQUIDEDEFREINDOT51250M-2577,liqui-moly-liquide-de-frein-dot-5-1-250ml,Liqui Moly,liqui-moly-liquide-de-frein-dot-5-1-250ml,liqui-moly-liquide-de-frein-dot-5-1-250ml.jpg,/home/z/my-project/download/product-images/liqui-moly-liquide-de-frein-dot-5-1-250ml.jpg,36050
AUTO-LIQUIMOLYLIQUIDEDEREFROIDISSEMENTCO-2550,liqui-moly-liquide-de-refroidissement-concentre-kfs-18,Liqui Moly,liqui-moly-liquide-de-refroidissement-concentre-kfs-18,liqui-moly-liquide-de-refroidissement-concentre-kfs-18.png,/home/z/my-project/download/product-images/liqui-moly-liquide-de-refroidissement-concentre-kfs-18.png,231829
LIQUI-MOLY-LIQUIDE-D,liqui-moly-liquide-de-rincage-pour-filtre-a-particules-fap-diesel-pro-line-500ml,Liqui Moly,liqui-moly-liquide-de-rincage-pour-filtre-a-particules-fap-diesel-pro-line-500ml,liqui-moly-liquide-de-rincage-pour-filtre-a-particules-fap-diesel-pro-line-500ml.jpg,/home/z/my-project/download/product-images/liqui-moly-liquide-de-rincage-pour-filtre-a-particules-fap-diesel-pro-line-500ml.jpg,15448
LIQUI-MOLY-MARINE-2T,liqui-moly-marine-2t-dfi-motor-oil-5l,Liqui Moly,liqui-moly-marine-2t-dfi-motor-oil-5l,liqui-moly-marine-2t-dfi-motor-oil-5l.png,/home/z/my-project/download/product-images/liqui-moly-marine-2t-dfi-motor-oil-5l.png,425125
LIQUI-MOLY-MARINE-MU,liqui-moly-marine-multispray,Liqui Moly,liqui-moly-marine-multispray,liqui-moly-marine-multispray.jpg,/home/z/my-project/download/product-images/liqui-moly-marine-multispray.jpg,34264
LIQUI-MOLY-MARINE-PR,liqui-moly-marine-protection-gazole-500ml,Liqui Moly,liqui-moly-marine-protection-gazole-500ml,liqui-moly-marine-protection-gazole-500ml.png,/home/z/my-project/download/product-images/liqui-moly-marine-protection-gazole-500ml.png,339391
LIQUI-MOLY-MARINE-ST,liqui-moly-marine-stabilisateur-dessence,Liqui Moly,liqui-moly-marine-stabilisateur-dessence,liqui-moly-marine-stabilisateur-dessence.jpg,/home/z/my-project/download/product-images/liqui-moly-marine-stabilisateur-dessence.jpg,45627
LIQUI-MOLY-MARINE-SU,liqui-moly-marine-super-diesel-additiv,Liqui Moly,liqui-moly-marine-super-diesel-additiv,liqui-moly-marine-super-diesel-additiv.jpg,/home/z/my-project/download/product-images/liqui-moly-marine-super-diesel-additiv.jpg,38672
LIQUI-MOLY-MOLYGEN-4,liqui-moly-molygen-4t-10w-40-scooter-1l,Liqui Moly,liqui-moly-molygen-4t-10w-40-scooter-1l,liqui-moly-molygen-4t-10w-40-scooter-1l.png,/home/z/my-project/download/product-images/liqui-moly-molygen-4t-10w-40-scooter-1l.png,412325
LIQUI-MOLY-MOLYGEN-M,liqui-moly-molygen-motor-protect-500ml,Liqui Moly,liqui-moly-molygen-motor-protect-500ml,liqui-moly-molygen-motor-protect-500ml.jpg,/home/z/my-project/download/product-images/liqui-moly-molygen-motor-protect-500ml.jpg,101533
LIQUI-MOLY-MOLYGEN-N,liqui-moly-molygen-new-generation-5w-20-5l,Liqui Moly,liqui-moly-molygen-new-generation-5w-20-5l,liqui-moly-molygen-new-generation-5w-20-5l.png,/home/z/my-project/download/product-images/liqui-moly-molygen-new-generation-5w-20-5l.png,389361
LIQUI-MOLY-MOS2-LEIC,liqui-moly-mos2-leichtlauf-15w-40-5l,Liqui Moly,liqui-moly-mos2-leichtlauf-15w-40-5l,liqui-moly-mos2-leichtlauf-15w-40-5l.jpg,/home/z/my-project/download/product-images/liqui-moly-mos2-leichtlauf-15w-40-5l.jpg,33168
LIQUI-MOLY-MOTOR-PRO,liqui-moly-motor-protect-500ml,Liqui Moly,liqui-moly-motor-protect-500ml,liqui-moly-motor-protect-500ml.jpg,/home/z/my-project/download/product-images/liqui-moly-motor-protect-500ml.jpg,42283
AUTO-LIQUIMOLYMOTORBIKE4T10W30STREET1L-2648,liqui-moly-motorbike-4t-10w-30-street-1l,Liqui Moly,liqui-moly-motorbike-4t-10w-30-street-1l,liqui-moly-motorbike-4t-10w-30-street-1l.jpg,/home/z/my-project/download/product-images/liqui-moly-motorbike-4t-10w-30-street-1l.jpg,31421
LIQUI-MOLY-MOTORBIKE,liqui-moly-motorbike-4t-bike-additive,Liqui Moly,liqui-moly-motorbike-4t-bike-additive,liqui-moly-motorbike-4t-bike-additive.jpg,/home/z/my-project/download/product-images/liqui-moly-motorbike-4t-bike-additive.jpg,64960
AUTO-LIQUIMOLYMOTORBIKE4TSYNTH10W40SCO-2475,liqui-moly-motorbike-4t-synth-10w-40-scooter-mb,Liqui Moly,liqui-moly-motorbike-4t-synth-10w-40-scooter-mb,liqui-moly-motorbike-4t-synth-10w-40-scooter-mb.png,/home/z/my-project/download/product-images/liqui-moly-motorbike-4t-synth-10w-40-scooter-mb.png,432978
AUTO-LIQUIMOLYMOTORBIKE4TSYNTHSTREETRAC-2484,liqui-moly-motorbike-4t-synth-street-race-1l,Liqui Moly,liqui-moly-motorbike-4t-synth-street-race-1l,liqui-moly-motorbike-4t-synth-street-race-1l.jpg,/home/z/my-project/download/product-images/liqui-moly-motorbike-4t-synth-street-race-1l.jpg,77319
AUTO-LIQUIMOLYMOTORBIKEADDITIFHUILE2TET-2452,liqui-moly-motorbike-additif-huile-2t-et-4t-125ml,Liqui Moly,liqui-moly-motorbike-additif-huile-2t-et-4t-125ml,liqui-moly-motorbike-additif-huile-2t-et-4t-125ml.jpg,/home/z/my-project/download/product-images/liqui-moly-motorbike-additif-huile-2t-et-4t-125ml.jpg,64184
AUTO-LIQUIMOLYMOTORBIKEGRAISSEDECHAINE2-2731,liqui-moly-motorbike-graisse-de-chaine-250ml,Liqui Moly,liqui-moly-motorbike-graisse-de-chaine-250ml,liqui-moly-motorbike-graisse-de-chaine-250ml.jpg,/home/z/my-project/download/product-images/liqui-moly-motorbike-graisse-de-chaine-250ml.jpg,42815
AUTO-LIQUIMOLYMOTORBIKEGRAISSEDECHAINEB-2721,liqui-moly-motorbike-graisse-de-chaine-blanche-400ml,Liqui Moly,liqui-moly-motorbike-graisse-de-chaine-blanche-400ml,liqui-moly-motorbike-graisse-de-chaine-blanche-400ml.png,/home/z/my-project/download/product-images/liqui-moly-motorbike-graisse-de-chaine-blanche-400ml.png,204762
AUTO-LIQUIMOLYMOTORBIKEHUILEFOURCHE10WM-2680,liqui-moly-motorbike-huile-fourche-10w-medium-500ml,Liqui Moly,liqui-moly-motorbike-huile-fourche-10w-medium-500ml,liqui-moly-motorbike-huile-fourche-10w-medium-500ml.jpg,/home/z/my-project/download/product-images/liqui-moly-motorbike-huile-fourche-10w-medium-500ml.jpg,47009
AUTO-LIQUIMOLYMOTORBIKEHUILEFOURCHE15WH-2697,liqui-moly-motorbike-huile-fourche-15w-heavy-500ml,Liqui Moly,liqui-moly-motorbike-huile-fourche-15w-heavy-500ml,liqui-moly-motorbike-huile-fourche-15w-heavy-500ml.jpg,/home/z/my-project/download/product-images/liqui-moly-motorbike-huile-fourche-15w-heavy-500ml.jpg,44615
AUTO-LIQUIMOLYMOTORBIKEHUILEFOURCHE5WLI-2689,liqui-moly-motorbike-huile-fourche-5w-light-500ml,Liqui Moly,liqui-moly-motorbike-huile-fourche-5w-light-500ml,liqui-moly-motorbike-huile-fourche-5w-light-500ml.jpg,/home/z/my-project/download/product-images/liqui-moly-motorbike-huile-fourche-5w-light-500ml.jpg,44414
AUTO-LIQUIMOLYMOTORBIKEHUILETRANSMISSION-2660,liqui-moly-motorbike-huile-transmission-75w90-500ml,Liqui Moly,liqui-moly-motorbike-huile-transmission-75w90-500ml,liqui-moly-motorbike-huile-transmission-75w90-500ml.jpg,/home/z/my-project/download/product-images/liqui-moly-motorbike-huile-transmission-75w90-500ml.jpg,45454
AUTO-LIQUIMOLYMOTORBIKEHUILETRANSMISSION-2669,liqui-moly-motorbike-huile-transmission-80w90-150ml,Liqui Moly,liqui-moly-motorbike-huile-transmission-80w90-150ml,liqui-moly-motorbike-huile-transmission-80w90-150ml.jpg,/home/z/my-project/download/product-images/liqui-moly-motorbike-huile-transmission-80w90-150ml.jpg,53194
AUTO-LIQUIMOLYMOTORBIKEMOS2SHOOTER-2461,liqui-moly-motorbike-mos2-shooter,Liqui Moly,liqui-moly-motorbike-mos2-shooter,liqui-moly-motorbike-mos2-shooter.jpg,/home/z/my-project/download/product-images/liqui-moly-motorbike-mos2-shooter.jpg,21855
LIQUI-MOLY-MOUSSE-DE,liqui-moly-mousse-dentretien-textile,Liqui Moly,liqui-moly-mousse-dentretien-textile,liqui-moly-mousse-dentretien-textile.jpg,/home/z/my-project/download/product-images/liqui-moly-mousse-dentretien-textile.jpg,40518
AUTO-LIQUIMOLYNETTOYANTFILTREAPARTICULE-2508,liqui-moly-nettoyant-filtre-a-particule-fap-dpf,Liqui Moly,liqui-moly-nettoyant-filtre-a-particule-fap-dpf,liqui-moly-nettoyant-filtre-a-particule-fap-dpf.png,/home/z/my-project/download/product-images/liqui-moly-nettoyant-filtre-a-particule-fap-dpf.png,179416
LIQUI-MOLY-NETTOYANT,liqui-moly-nettoyant-injection-directe-pro-line,Liqui Moly,liqui-moly-nettoyant-injection-directe-pro-line,liqui-moly-nettoyant-injection-directe-pro-line.jpg,/home/z/my-project/download/product-images/liqui-moly-nettoyant-injection-directe-pro-line.jpg,70087
AUTO-LIQUIMOLYNETTOYANTMOTO-2751,liqui-moly-nettoyant-moto,Liqui Moly,liqui-moly-nettoyant-moto,liqui-moly-nettoyant-moto.jpg,/home/z/my-project/download/product-images/liqui-moly-nettoyant-moto.jpg,34853
AUTO-LIQUIMOLYNETTOYANTPOURCHAINESETFRE-2709,liqui-moly-nettoyant-pour-chaines-et-freins,Liqui Moly,liqui-moly-nettoyant-pour-chaines-et-freins,liqui-moly-nettoyant-pour-chaines-et-freins.jpg,/home/z/my-project/download/product-images/liqui-moly-nettoyant-pour-chaines-et-freins.jpg,37230
AUTO-LIQUIMOLYNETTOYANTPOURFILTREAPARTI-2524,liqui-moly-nettoyant-pour-filtre-a-particules-fap-diesel-pro-line-1-litre,Liqui Moly,liqui-moly-nettoyant-pour-filtre-a-particules-fap-diesel-pro-line-1-litre,liqui-moly-nettoyant-pour-filtre-a-particules-fap-diesel-pro-line-1-litre.jpg,/home/z/my-project/download/product-images/liqui-moly-nettoyant-pour-filtre-a-particules-fap-diesel-pro-line-1-litre.jpg,172996
AUTO-LIQUIMOLYNETTOYANTPOURSYSTEMEDIESEL-2771,liqui-moly-nettoyant-pour-systeme-diesel-pro-line-500ml,Liqui Moly,liqui-moly-nettoyant-pour-systeme-diesel-pro-line-500ml,liqui-moly-nettoyant-pour-systeme-diesel-pro-line-500ml.jpg,/home/z/my-project/download/product-images/liqui-moly-nettoyant-pour-systeme-diesel-pro-line-500ml.jpg,52228
AUTO-LIQUIMOLYNETTOYANTPOURSYSTEMESDINJE-2761,liqui-moly-nettoyant-pour-systemes-dinjection-essence-300ml,Liqui Moly,liqui-moly-nettoyant-pour-systemes-dinjection-essence-300ml,liqui-moly-nettoyant-pour-systemes-dinjection-essence-300ml.jpg,/home/z/my-project/download/product-images/liqui-moly-nettoyant-pour-systemes-dinjection-essence-300ml.jpg,298493
AUTO-LIQUIMOLYNETTOYANTRADIATEUR-2740,liqui-moly-nettoyant-radiateur,Liqui Moly,liqui-moly-nettoyant-radiateur,liqui-moly-nettoyant-radiateur.jpg,/home/z/my-project/download/product-images/liqui-moly-nettoyant-radiateur.jpg,53801
LIQUI-MOLY-PACK-ENTR,liqui-moly-pack-entretien-moto,Liqui Moly,liqui-moly-pack-entretien-moto,liqui-moly-pack-entretien-moto.jpg,/home/z/my-project/download/product-images/liqui-moly-pack-entretien-moto.jpg,81307
LIQUI-MOLY-PACK-NETT,liqui-moly-pack-nettoyage-catalyseur,Liqui Moly,liqui-moly-pack-nettoyage-catalyseur,liqui-moly-pack-nettoyage-catalyseur.webp,/home/z/my-project/download/product-images/liqui-moly-pack-nettoyage-catalyseur.webp,40506
LIQUI-MOLY-PRO-LINE,liqui-moly-pro-line-systeme-nettoyant-pour-essence,Liqui Moly,liqui-moly-pro-line-systeme-nettoyant-pour-essence,liqui-moly-pro-line-systeme-nettoyant-pour-essence.jpg,/home/z/my-project/download/product-images/liqui-moly-pro-line-systeme-nettoyant-pour-essence.jpg,52227
LIQUI-MOLY-PROTECTIO,liqui-moly-protection-du-filte-a-particule-diesel-250ml,Liqui Moly,liqui-moly-protection-du-filte-a-particule-diesel-250ml,liqui-moly-protection-du-filte-a-particule-diesel-250ml.jpg,/home/z/my-project/download/product-images/liqui-moly-protection-du-filte-a-particule-diesel-250ml.jpg,22349
AUTO-LIQUIMOLYPROTECTIONINTERIEUREDUMOTE-2638,liqui-moly-protection-interieure-du-moteur-marine,Liqui Moly,liqui-moly-protection-interieure-du-moteur-marine,liqui-moly-protection-interieure-du-moteur-marine.jpg,/home/z/my-project/download/product-images/liqui-moly-protection-interieure-du-moteur-marine.jpg,32946
LIQUI-MOLY-RINCAGE-B,liqui-moly-rincage-boue-dhuile,Liqui Moly,liqui-moly-rincage-boue-dhuile,liqui-moly-rincage-boue-dhuile.jpg,/home/z/my-project/download/product-images/liqui-moly-rincage-boue-dhuile.jpg,47541
LIQUI-MOLY-RINCAGE-M,liqui-moly-rincage-moteur-300ml,Liqui Moly,liqui-moly-rincage-moteur-300ml,liqui-moly-rincage-moteur-300ml.jpg,/home/z/my-project/download/product-images/liqui-moly-rincage-moteur-300ml.jpg,47192
LIQUI-MOLY-SHAMPOING,liqui-moly-shampoing-auto-avec-cire,Liqui Moly,liqui-moly-shampoing-auto-avec-cire,liqui-moly-shampoing-auto-avec-cire.png,/home/z/my-project/download/product-images/liqui-moly-shampoing-auto-avec-cire.png,410032
LIQUI-MOLY-SPECIAL-T,liqui-moly-special-tec-f-0w-30,Liqui Moly,liqui-moly-special-tec-f-0w-30,liqui-moly-special-tec-f-0w-30.jpg,/home/z/my-project/download/product-images/liqui-moly-special-tec-f-0w-30.jpg,63088
AUTO-LIQUIMOLYSPECIALTECFECO5W20-2383,liqui-moly-special-tec-f-eco-5w-20,Liqui Moly,liqui-moly-special-tec-f-eco-5w-20,liqui-moly-special-tec-f-eco-5w-20.png,/home/z/my-project/download/product-images/liqui-moly-special-tec-f-eco-5w-20.png,270291
LIQUI-MOLY-SUPER-ADD,liqui-moly-super-additif-diesel-250ml,Liqui Moly,liqui-moly-super-additif-diesel-250ml,liqui-moly-super-additif-diesel-250ml.jpg,/home/z/my-project/download/product-images/liqui-moly-super-additif-diesel-250ml.jpg,63418
LIQUI-MOLY-SUPER-HD,liqui-moly-super-hd-turbo-plus-15w-40-5-litres,Liqui Moly,liqui-moly-super-hd-turbo-plus-15w-40-5-litres,liqui-moly-super-hd-turbo-plus-15w-40-5-litres.png,/home/z/my-project/download/product-images/liqui-moly-super-hd-turbo-plus-15w-40-5-litres.png,415665
AUTO-LIQUIMOLYTOPTEC41005W40-2414,liqui-moly-top-tec-4100-5w-40,Liqui Moly,liqui-moly-top-tec-4100-5w-40,liqui-moly-top-tec-4100-5w-40.webp,/home/z/my-project/download/product-images/liqui-moly-top-tec-4100-5w-40.webp,30250
AUTO-LIQUIMOLYTOPTEC41200W404L-2424,liqui-moly-top-tec-4120-0w-40-4l,Liqui Moly,liqui-moly-top-tec-4120-0w-40-4l,liqui-moly-top-tec-4120-0w-40-4l.png,/home/z/my-project/download/product-images/liqui-moly-top-tec-4120-0w-40-4l.png,405066
LIQUI-MOLY-TOP-TEC-4,liqui-moly-top-tec-4210-0w-30-5l,Liqui Moly,liqui-moly-top-tec-4210-0w-30-5l,liqui-moly-top-tec-4210-0w-30-5l.png,/home/z/my-project/download/product-images/liqui-moly-top-tec-4210-0w-30-5l.png,370681
AUTO-LIQUIMOLYTOPTEC44005W305L-2394,liqui-moly-top-tec-4400-5w-30-5l,Liqui Moly,liqui-moly-top-tec-4400-5w-30-5l,liqui-moly-top-tec-4400-5w-30-5l.png,/home/z/my-project/download/product-images/liqui-moly-top-tec-4400-5w-30-5l.png,709539
LIQUI-MOLY-TOP-TEC-6,liqui-moly-top-tec-6200-0w-20,Liqui Moly,liqui-moly-top-tec-6200-0w-20,liqui-moly-top-tec-6200-0w-20.png,/home/z/my-project/download/product-images/liqui-moly-top-tec-6200-0w-20.png,101183
AUTO-LIQUIMOLYTOPTEC63205W305L-2404,liqui-moly-top-tec-6320-5w-30-5l,Liqui Moly,liqui-moly-top-tec-6320-5w-30-5l,liqui-moly-top-tec-6320-5w-30-5l.webp,/home/z/my-project/download/product-images/liqui-moly-top-tec-6320-5w-30-5l.webp,19684
AUTO-LIQUIMOLYTOPTEC66000W20-2342,liqui-moly-top-tec-6600-0w-20,Liqui Moly,liqui-moly-top-tec-6600-0w-20,liqui-moly-top-tec-6600-0w-20.png,/home/z/my-project/download/product-images/liqui-moly-top-tec-6600-0w-20.png,275907
AUTO-LIQUIMOLYTOPTEC66100W205L-2358,liqui-moly-top-tec-6610-0w-20-5l,Liqui Moly,liqui-moly-top-tec-6610-0w-20-5l,liqui-moly-top-tec-6610-0w-20-5l.png,/home/z/my-project/download/product-images/liqui-moly-top-tec-6610-0w-20-5l.png,434010
LIQUI-MOLY-TOP-TEC-A,liqui-moly-top-tec-atf-1800-r,Liqui Moly,liqui-moly-top-tec-atf-1800-r,liqui-moly-top-tec-atf-1800-r.png,/home/z/my-project/download/product-images/liqui-moly-top-tec-atf-1800-r.png,384868
LIQUI-MOLY-PACK-ENTRETIEN-CHAIN,pack-entretien-chaine-premium-liqui-moly,Liqui Moly,pack-entretien-chaine-premium-liqui-moly,pack-entretien-chaine-premium-liqui-moly.jpg,/home/z/my-project/download/product-images/pack-entretien-chaine-premium-liqui-moly.jpg,80960
MANNOL-LMANNOL-LITHIUM-SPRA,lmannol-lithium-spray-400ml,Mannol,lmannol-lithium-spray-400ml,lmannol-lithium-spray-400ml.png,/home/z/my-project/download/product-images/lmannol-lithium-spray-400ml.png,92877
MANNOL-MANNOL-4-TEMPS-PLUS,mannol-4-temps-plus-10w-40-1l,Mannol,mannol-4-temps-plus-10w-40-1l,mannol-4-temps-plus-10w-40-1l.png,/home/z/my-project/download/product-images/mannol-4-temps-plus-10w-40-1l.png,875015
MANNOL-MANNOL-AQUA-JET-4-TE,mannol-aqua-jet-4-temps-10w-40,Mannol,mannol-aqua-jet-4-temps-10w-40,mannol-aqua-jet-4-temps-10w-40.webp,/home/z/my-project/download/product-images/mannol-aqua-jet-4-temps-10w-40.webp,234784
MANNOL-MANNOL-HUILE-2-TEMPS,mannol-huile-2-temps-1l,Mannol,mannol-huile-2-temps-1l,mannol-huile-2-temps-1l.png,/home/z/my-project/download/product-images/mannol-huile-2-temps-1l.png,827928
AUTO-MANNOLHUILE4TEMPS10W301L-3065,mannol-huile-4-temps-10w30-1l,Mannol,mannol-huile-4-temps-10w30-1l,mannol-huile-4-temps-10w30-1l.png,/home/z/my-project/download/product-images/mannol-huile-4-temps-10w30-1l.png,701673
MANNOL-MANNOL-HUILE-4-TEMPS,mannol-huile-4-temps-power-plus-15w-50,Mannol,mannol-huile-4-temps-power-plus-15w-50,mannol-huile-4-temps-power-plus-15w-50.webp,/home/z/my-project/download/product-images/mannol-huile-4-temps-power-plus-15w-50.webp,67064
AUTO-MANNOLHUILE4TEMPSPOWERBIKE15W504L-3052,mannol-huile-4-temps-powerbike-15w-50-4l,Mannol,mannol-huile-4-temps-powerbike-15w-50-4l,mannol-huile-4-temps-powerbike-15w-50-4l.png,/home/z/my-project/download/product-images/mannol-huile-4-temps-powerbike-15w-50-4l.png,879051
MANNOL-MANNOL-HUILE-DE-FOUR,mannol-huile-de-fourche-10w-1l,Mannol,mannol-huile-de-fourche-10w-1l,mannol-huile-de-fourche-10w-1l.png,/home/z/my-project/download/product-images/mannol-huile-de-fourche-10w-1l.png,822002
MANNOL-MANNOL-HUILE-HORS-BO,mannol-huile-hors-board-1l,Mannol,mannol-huile-hors-board-1l,mannol-huile-hors-board-1l.jpg,/home/z/my-project/download/product-images/mannol-huile-hors-board-1l.jpg,111352
MANNOL-MANNOL-HUILE-MARINE,mannol-huile-marine-outboard-2t-4l,Mannol,mannol-huile-marine-outboard-2t-4l,mannol-huile-marine-outboard-2t-4l.webp,/home/z/my-project/download/product-images/mannol-huile-marine-outboard-2t-4l.webp,248766
MANNOL-MANNOL-HUILE-MOTO-2,mannol-huile-moto-2-temps-plus-4-litres,Mannol,mannol-huile-moto-2-temps-plus-4-litres,mannol-huile-moto-2-temps-plus-4-litres.webp,/home/z/my-project/download/product-images/mannol-huile-moto-2-temps-plus-4-litres.webp,201716
MANNOL-MANNOL-HUILE-SYNTHET,mannol-huile-synthetique-4-temps-5w40,Mannol,mannol-huile-synthetique-4-temps-5w40,mannol-huile-synthetique-4-temps-5w40.jpg,/home/z/my-project/download/product-images/mannol-huile-synthetique-4-temps-5w40.jpg,169740
AUTO-MANNOLLIQUIDEDEFREINDOT4-3028,mannol-liquide-de-frein-dot-4,Mannol,mannol-liquide-de-frein-dot-4,mannol-liquide-de-frein-dot-4.jpg,/home/z/my-project/download/product-images/mannol-liquide-de-frein-dot-4.jpg,100994
AUTO-MANNOLLIQUIDEDEREFROIDISSEMENTMOTOP-3089,mannol-liquide-de-refroidissement-moto-pro-cool-1l,Mannol,mannol-liquide-de-refroidissement-moto-pro-cool-1l,mannol-liquide-de-refroidissement-moto-pro-cool-1l.png,/home/z/my-project/download/product-images/mannol-liquide-de-refroidissement-moto-pro-cool-1l.png,503205
MANNOL-MANNOL-LUBRIFIANT-M,mannol-lubrifiant-m-40-400ml,Mannol,mannol-lubrifiant-m-40-400ml,mannol-lubrifiant-m-40-400ml.webp,/home/z/my-project/download/product-images/mannol-lubrifiant-m-40-400ml.webp,86674
MANNOL-MANNOL-NETTOYANT-CHA,mannol-nettoyant-chaine-400-ml,Mannol,mannol-nettoyant-chaine-400-ml,mannol-nettoyant-chaine-400-ml.jpg,/home/z/my-project/download/product-images/mannol-nettoyant-chaine-400-ml.jpg,9437
AUTO-MANNOLNETTOYANTINJECTEURSDIESEL250ML-3110,mannol-nettoyant-injecteurs-diesel-250ml,Mannol,mannol-nettoyant-injecteurs-diesel-250ml,mannol-nettoyant-injecteurs-diesel-250ml.jpg,/home/z/my-project/download/product-images/mannol-nettoyant-injecteurs-diesel-250ml.jpg,10533
AUTO-MANNOLNETTOYANTINJECTEURSESSENCE400M-3100,mannol-nettoyant-injecteurs-essence-400ml,Mannol,mannol-nettoyant-injecteurs-essence-400ml,mannol-nettoyant-injecteurs-essence-400ml.jpg,/home/z/my-project/download/product-images/mannol-nettoyant-injecteurs-essence-400ml.jpg,35210
MANNOL-MANNOL-OUTBOARD-UNIV,mannol-outboard-universel-1l,Mannol,mannol-outboard-universel-1l,mannol-outboard-universel-1l.png,/home/z/my-project/download/product-images/mannol-outboard-universel-1l.png,720484
MANNOL-MANNOL-PACK-ENTRETIE,mannol-pack-entretien-chaine,Mannol,mannol-pack-entretien-chaine,mannol-pack-entretien-chaine.jpg,/home/z/my-project/download/product-images/mannol-pack-entretien-chaine.jpg,79502
MOTUL-4100-SYN-NERGY-10W-40,Motul 4100 SYN-NERGY SPEC 10W-40,Motul,huile-motul-4100-syn-nergy-10w-40,huile-motul-4100-syn-nergy-10w-40.jpg,/home/z/my-project/download/product-images/huile-motul-4100-syn-nergy-10w-40.jpg,104719
MOTUL-4100-TURBOLIGHT-10W-40,Motul 4100 TURBOLIGHT 10W-40,Motul,huile-motul-4100-turbolight-10w-40,huile-motul-4100-turbolight-10w-40.jpg,/home/z/my-project/download/product-images/huile-motul-4100-turbolight-10w-40.jpg,104719
MOTUL-8100-XCLEAN-FE-5W-30,Motul 8100 X-CLEAN FE 5W-30,Motul,huile-motul-8100-xclean-fe-5w-30,huile-motul-8100-xclean-fe-5w-30.jpg,/home/z/my-project/download/product-images/huile-motul-8100-xclean-fe-5w-30.jpg,25017
MOTUL-SPECIFIC-2312-0W-30,Motul SPECIFIC 2312 0W-30,Motul,huile-motul-specific-2312-0w-30,huile-motul-specific-2312-0w-30.jpg,/home/z/my-project/download/product-images/huile-motul-specific-2312-0w-30.jpg,136545
MOTUL-SPECIFIC-508-00-509-00-0W-20,Motul SPECIFIC 508 00/509 00 0W-20,Motul,huile-motul-specific-508-00-509-00-0w-20,huile-motul-specific-508-00-509-00-0w-20.jpg,/home/z/my-project/download/product-images/huile-motul-specific-508-00-509-00-0w-20.jpg,207974
MOTUL-SPECIFIC-913D-5W-30,Motul SPECIFIC 913D 5W-30,Motul,huile-motul-specific-913d-5w-30,huile-motul-specific-913d-5w-30.jpg,/home/z/my-project/download/product-images/huile-motul-specific-913d-5w-30.jpg,282165
NEOLUX-NEOLUX-BLUE-POWER-LI,neolux-blue-power-light-h4,Neolux,neolux-blue-power-light-h4,neolux-blue-power-light-h4.jpg,/home/z/my-project/download/product-images/neolux-blue-power-light-h4.jpg,29014
NEOLUX-NEOLUX-KIT-POWER-BLU,neolux-kit-power-blue-light-h7-px26d,Neolux,neolux-kit-power-blue-light-h7-px26d,neolux-kit-power-blue-light-h7-px26d.jpg,/home/z/my-project/download/product-images/neolux-kit-power-blue-light-h7-px26d.jpg,30829
NEOLUX-NEOLUX-LAMPE-DE-SIGN,neolux-lampe-de-signalisation-n581-standard-21-w-12-v-bau15,Neolux,neolux-lampe-de-signalisation-n581-standard-21-w-12-v-bau15,neolux-lampe-de-signalisation-n581-standard-21-w-12-v-bau15.jpg,/home/z/my-project/download/product-images/neolux-lampe-de-signalisation-n581-standard-21-w-12-v-bau15.jpg,10394
NEOLUX-NEOLUX-LAMPE-H7-N499,neolux-lampe-h7-n499-standard-55-w-12-v-px26d,Neolux,neolux-lampe-h7-n499-standard-55-w-12-v-px26d,neolux-lampe-h7-n499-standard-55-w-12-v-px26d.jpg,/home/z/my-project/download/product-images/neolux-lampe-h7-n499-standard-55-w-12-v-px26d.jpg,15897
NEOLUX-NEOLUX-N264-NORME-10,neolux-n264-norme-10-w-12-v-sv8-5-8,Neolux,neolux-n264-norme-10-w-12-v-sv8-5-8,neolux-n264-norme-10-w-12-v-sv8-5-8.jpg,/home/z/my-project/download/product-images/neolux-n264-norme-10-w-12-v-sv8-5-8.jpg,14686
NEOLUX-NEOLUX-N269-NORME-10,neolux-n269-norme-10w-12v-sv8-5-8-unv1,Neolux,neolux-n269-norme-10w-12v-sv8-5-8-unv1,neolux-n269-norme-10w-12v-sv8-5-8-unv1.jpg,/home/z/my-project/download/product-images/neolux-n269-norme-10w-12v-sv8-5-8-unv1.jpg,18394
NEOLUX-NEOLUX-N380-STANDARD,neolux-n380-standard-21-5-w-12-v-bay15d,Neolux,neolux-n380-standard-21-5-w-12-v-bay15d,neolux-n380-standard-21-5-w-12-v-bay15d.jpg,/home/z/my-project/download/product-images/neolux-n380-standard-21-5-w-12-v-bay15d.jpg,15558
NEOLUX-NEOLUX-N501-STANDARD,neolux-n501-standard-5-w-12-v-w2-1x9-5d,Neolux,neolux-n501-standard-5-w-12-v-w2-1x9-5d,neolux-n501-standard-5-w-12-v-w2-1x9-5d.jpg,/home/z/my-project/download/product-images/neolux-n501-standard-5-w-12-v-w2-1x9-5d.jpg,15558
NEOLUX-NEOLUX-POWER-BLUE-LI,neolux-power-blue-light-80w-12v-h4,Neolux,neolux-power-blue-light-80w-12v-h4,neolux-power-blue-light-80w-12v-h4.jpg,/home/z/my-project/download/product-images/neolux-power-blue-light-80w-12v-h4.jpg,23504
AUTO-NEOLUXPOWERBLUELIGHT80W12VH7-3138,neolux-power-blue-light-80w-12v-h7,Neolux,neolux-power-blue-light-80w-12v-h7,neolux-power-blue-light-80w-12v-h7.jpg,/home/z/my-project/download/product-images/neolux-power-blue-light-80w-12v-h7.jpg,18531
OSRAM-OSRAM-BARRE-LED-SX18,osram-barre-led-sx180-sp,Osram,osram-barre-led-sx180-sp,osram-barre-led-sx180-sp.jpg,/home/z/my-project/download/product-images/osram-barre-led-sx180-sp.jpg,36169
OSRAM-OSRAM-BARRE-LED-VX25,osram-barre-led-vx250-sp,Osram,osram-barre-led-vx250-sp,osram-barre-led-vx250-sp.jpg,/home/z/my-project/download/product-images/osram-barre-led-vx250-sp.jpg,48889
OSRAM-OSRAM-BARRE-LED-VX50,osram-barre-led-vx500-cb,Osram,osram-barre-led-vx500-cb,osram-barre-led-vx500-cb.jpg,/home/z/my-project/download/product-images/osram-barre-led-vx500-cb.jpg,60274
AUTO-OSRAMCOOLBLUEINTENSEH4-3179,osram-cool-blue-intense-h4,Osram,osram-cool-blue-intense-h4,osram-cool-blue-intense-h4.jpg,/home/z/my-project/download/product-images/osram-cool-blue-intense-h4.jpg,111548
AUTO-OSRAMCOOLBLUEINTENSEH4LUMIEREBLANC-3157,osram-cool-blue-intense-h4-lumiere-blanche-5000k-1-lampe,Osram,osram-cool-blue-intense-h4-lumiere-blanche-5000k-1-lampe,osram-cool-blue-intense-h4-lumiere-blanche-5000k-1-lampe.jpg,/home/z/my-project/download/product-images/osram-cool-blue-intense-h4-lumiere-blanche-5000k-1-lampe.jpg,43666
OSRAM-OSRAM-COOL-BLUE-INTE,osram-cool-blue-intense-h7-next-gen,Osram,osram-cool-blue-intense-h7-next-gen,osram-cool-blue-intense-h7-next-gen.jpg,/home/z/my-project/download/product-images/osram-cool-blue-intense-h7-next-gen.jpg,108725
OSRAM-OSRAM-H15,osram-h15,Osram,osram-h15,osram-h15.jpg,/home/z/my-project/download/product-images/osram-h15.jpg,134197
OSRAM-OSRAM-H7-COOL-BLUE-I,osram-h7-cool-blue-intense-aspect-xenon,Osram,osram-h7-cool-blue-intense-aspect-xenon,osram-h7-cool-blue-intense-aspect-xenon.jpg,/home/z/my-project/download/product-images/osram-h7-cool-blue-intense-aspect-xenon.jpg,160524
OSRAM-OSRAM-H9,osram-h9,Osram,osram-h9,osram-h9.jpg,/home/z/my-project/download/product-images/osram-h9.jpg,120885
OSRAM-OSRAM-KIT-LED-H7-HL,osram-kit-led-h7-hl-gen-2,Osram,osram-kit-led-h7-hl-gen-2,osram-kit-led-h7-hl-gen-2.jpg,/home/z/my-project/download/product-images/osram-kit-led-h7-hl-gen-2.jpg,73321
OSRAM-OSRAM-LAMPE-ANTIBROU,osram-lampe-antibrouillard-psx-psx24w,Osram,osram-lampe-antibrouillard-psx-psx24w,osram-lampe-antibrouillard-psx-psx24w.jpg,/home/z/my-project/download/product-images/osram-lampe-antibrouillard-psx-psx24w.jpg,33522
OSRAM-OSRAM-LAMPE-W21W-12V,osram-lampe-w21w-12v-w3x16d,Osram,osram-lampe-w21w-12v-w3x16d,osram-lampe-w21w-12v-w3x16d.jpg,/home/z/my-project/download/product-images/osram-lampe-w21w-12v-w3x16d.jpg,16851
OSRAM-OSRAM-LAMPE-WX3X16D,osram-lampe-wx3x16d-orange,Osram,osram-lampe-wx3x16d-orange,osram-lampe-wx3x16d-orange.jpg,/home/z/my-project/download/product-images/osram-lampe-wx3x16d-orange.jpg,174510
OSRAM-OSRAM-LEDRIVING-HL-B,osram-ledriving-hl-bright-h1,Osram,osram-ledriving-hl-bright-h1,osram-ledriving-hl-bright-h1.webp,/home/z/my-project/download/product-images/osram-ledriving-hl-bright-h1.webp,20066
OSRAM-OSRAM-LEDRIVING-HL-E,osram-ledriving-hl-easy-h7-h18,Osram,osram-ledriving-hl-easy-h7-h18,osram-ledriving-hl-easy-h7-h18.jpg,/home/z/my-project/download/product-images/osram-ledriving-hl-easy-h7-h18.jpg,36797
AUTO-OSRAMLEDRIVINGHLEASYH8H11H16-3271,osram-ledriving-hl-easy-h8-h11-h16,Osram,osram-ledriving-hl-easy-h8-h11-h16,osram-ledriving-hl-easy-h8-h11-h16.jpg,/home/z/my-project/download/product-images/osram-ledriving-hl-easy-h8-h11-h16.jpg,32055
OSRAM-OSRAM-LEDRIVING-SL-W,osram-ledriving-sl-w21w-5w-white,Osram,osram-ledriving-sl-w21w-5w-white,osram-ledriving-sl-w21w-5w-white.jpg,/home/z/my-project/download/product-images/osram-ledriving-sl-w21w-5w-white.jpg,27524
OSRAM-OSRAM-LEDRIVING-SPK,osram-ledriving-spk-h1,Osram,osram-ledriving-spk-h1,osram-ledriving-spk-h1.webp,/home/z/my-project/download/product-images/osram-ledriving-spk-h1.webp,29230
OSRAM-OSRAM-NIGHT-BREAKER,osram-night-breaker-200-h4,Osram,osram-night-breaker-200-h4,osram-night-breaker-200-h4.jpg,/home/z/my-project/download/product-images/osram-night-breaker-200-h4.jpg,134874
AUTO-OSRAMNIGHTBREAKER200H7-3237,osram-night-breaker-200-h7,Osram,osram-night-breaker-200-h7,osram-night-breaker-200-h7.jpg,/home/z/my-project/download/product-images/osram-night-breaker-200-h7.jpg,49238
AUTO-OSRAMNIGHTBREAKERSILVER100H4-3188,osram-night-breaker-silver-100-h4,Osram,osram-night-breaker-silver-100-h4,osram-night-breaker-silver-100-h4.jpg,/home/z/my-project/download/product-images/osram-night-breaker-silver-100-h4.jpg,102595
AUTO-OSRAMNIGHTBREAKERSILVER100H7-3223,osram-night-breaker-silver-100-h7,Osram,osram-night-breaker-silver-100-h7,osram-night-breaker-silver-100-h7.jpg,/home/z/my-project/download/product-images/osram-night-breaker-silver-100-h7.jpg,99998
AUTO-OSRAMORIGINALLINEH455W12V-3203,osram-original-line-h4-55w-12v,Osram,osram-original-line-h4-55w-12v,osram-original-line-h4-55w-12v.jpg,/home/z/my-project/download/product-images/osram-original-line-h4-55w-12v.jpg,62538
AUTO-OSRAMORIGINALLINEH755W12V-3215,osram-original-line-h7-55w-12v,Osram,osram-original-line-h7-55w-12v,osram-original-line-h7-55w-12v.jpg,/home/z/my-project/download/product-images/osram-original-line-h7-55w-12v.jpg,64924
OSRAM-OSRAM-ORIGINAL-LINE,osram-original-line-lampe-h11,Osram,osram-original-line-lampe-h11,osram-original-line-lampe-h11.jpg,/home/z/my-project/download/product-images/osram-original-line-lampe-h11.jpg,37297
OSRAM-OSRAM-PHARE-LEDRIVIN,osram-phare-ledriving-mx180-cb,Osram,osram-phare-ledriving-mx180-cb,osram-phare-ledriving-mx180-cb.jpg,/home/z/my-project/download/product-images/osram-phare-ledriving-mx180-cb.jpg,54401
OSRAM-OSRAM-REVERSING-FX12,osram-reversing-fx120s-wd,Osram,osram-reversing-fx120s-wd,osram-reversing-fx120s-wd.jpg,/home/z/my-project/download/product-images/osram-reversing-fx120s-wd.jpg,124852
OSRAM-OSRAM-REVERSING-LED,osram-reversing-led-fx120r-wd,Osram,osram-reversing-led-fx120r-wd,osram-reversing-led-fx120r-wd.jpg,/home/z/my-project/download/product-images/osram-reversing-led-fx120r-wd.jpg,122633
OSRAM-OSRAM-ULTRA-LIFE-H4,osram-ultra-life-h4,Osram,osram-ultra-life-h4,osram-ultra-life-h4.jpg,/home/z/my-project/download/product-images/osram-ultra-life-h4.jpg,61468
OSRAM-OSRAM-ULTRA-LIFE-H7,osram-ultra-life-h7,Osram,osram-ultra-life-h7,osram-ultra-life-h7.jpg,/home/z/my-project/download/product-images/osram-ultra-life-h7.jpg,61147
OSRAM-OSRAM-XENARC-D4S-XEN,osram-xenarc-d4s-xenon,Osram,osram-xenarc-d4s-xenon,osram-xenarc-d4s-xenon.webp,/home/z/my-project/download/product-images/osram-xenarc-d4s-xenon.webp,59986
OSRAM-OSRAM-XENARC-ORIGINA,osram-xenarc-original-d3s,Osram,osram-xenarc-original-d3s,osram-xenarc-original-d3s.webp,/home/z/my-project/download/product-images/osram-xenarc-original-d3s.webp,45072
PETRONAS-SYNTIUM-7000-RN-0W-20,Petronas Syntium 7000 RN 0W-20,Petronas,huile-petronas-syntium-7000-rn-0w-20,huile-petronas-syntium-7000-rn-0w-20.jpg,/home/z/my-project/download/product-images/huile-petronas-syntium-7000-rn-0w-20.jpg,247923
SHELL-HX7-5W-40,Shell Helix HX7 5W-40,Shell,huile-shell-hx7-5w-40,huile-shell-hx7-5w-40.jpg,/home/z/my-project/download/product-images/huile-shell-hx7-5w-40.jpg,90782
SHELL-HX8-5W-30,Shell Helix HX8 5W-30,Shell,huile-shell-hx8-5w-30,huile-shell-hx8-5w-30.jpg,/home/z/my-project/download/product-images/huile-shell-hx8-5w-30.jpg,242327
SHELL-ULTRA-5W-40,Shell Helix Ultra 5W-40,Shell,huile-shell-ultra-5w-40,huile-shell-ultra-5w-40.jpg,/home/z/my-project/download/product-images/huile-shell-ultra-5w-40.jpg,236718
SHELL-ULTRA-PRO-AML-5W-30,Shell Helix Ultra Professional AM-L 5W-30,Shell,huile-shell-ultra-pro-aml-5w-30,huile-shell-ultra-pro-aml-5w-30.jpg,/home/z/my-project/download/product-images/huile-shell-ultra-pro-aml-5w-30.jpg,282292
SHELL-ULTRA-PRO-AVL-0W-20,Shell Helix Ultra Professional AV-L 0W-20,Shell,huile-shell-ultra-pro-avl-0w-20,huile-shell-ultra-pro-avl-0w-20.jpg,/home/z/my-project/download/product-images/huile-shell-ultra-pro-avl-0w-20.jpg,99644
TOTALENERGIES-QUARTZ-9000-5W-40,TotalEnergies QUARTZ 9000 5W-40,TotalEnergies,huile-totalenergies-quartz-9000-5w-40,huile-totalenergies-quartz-9000-5w-40.webp,/home/z/my-project/download/product-images/huile-totalenergies-quartz-9000-5w-40.webp,27502
TOTALENERGIES-QUARTZ-INEO-ECS-5W-30,TotalEnergies QUARTZ INEO ECS 5W-30,TotalEnergies,huile-totalenergies-quartz-ineo-ecs-5w-30,huile-totalenergies-quartz-ineo-ecs-5w-30.webp,/home/z/my-project/download/product-images/huile-totalenergies-quartz-ineo-ecs-5w-30.webp,24582
TOTALENERGIES-QUARTZ-INEO-LL-5W-30,TotalEnergies QUARTZ INEO LONG LIFE 5W-30,TotalEnergies,huile-totalenergies-quartz-ineo-ll-5w-30,huile-totalenergies-quartz-ineo-ll-5w-30.webp,/home/z/my-project/download/product-images/huile-totalenergies-quartz-ineo-ll-5w-30.webp,24582
TOTALENERGIES-QUARTZ-INEO-FIRST-0W-20,TotalEnergies QUARTZ INEO XTRA FIRST 0W-20,TotalEnergies,huile-totalenergies-quartz-ineo-first-0w-20,huile-totalenergies-quartz-ineo-first-0w-20.jpg,/home/z/my-project/download/product-images/huile-totalenergies-quartz-ineo-first-0w-20.jpg,117658
YACCO-LUBE-RN17-FE-0W-20,Yacco LUBE RN-17 FE 0W-20,Yacco,huile-yacco-lube-rn17-fe-0w-20,huile-yacco-lube-rn17-fe-0w-20.jpg,/home/z/my-project/download/product-images/huile-yacco-lube-rn17-fe-0w-20.jpg,91294
YACCO-VX1000LL-0W-40,Yacco VX 1000 LL 0W-40,Yacco,huile-yacco-vx1000ll-0w-40,huile-yacco-vx1000ll-0w-40.jpg,/home/z/my-project/download/product-images/huile-yacco-vx1000ll-0w-40.jpg,300956
