Brand,Product,Viscosity,API,ACEA,JASO,VehicleTypes,FuelTypes,minCylinders,maxCylinders,minPower,maxPower,DPFCompatible,TurboCompatible,HybridCompatible,OEMApprovals,Applications,OfficialSource,TDS_URL
Castrol,EDGE 5W-30,5W-30,SP,C3,-,Automobile,Essence;Diesel,NULL,NULL,NULL,NULL,TRUE,TRUE,FALSE,GM dexos1 Gen 3;VW 504 00/507 00;BMW Longlife-04;MB-Approval 229.51,"Passenger cars;SUVs;Light commercial vehicles with DPF",https://www.castrol.com/content/dam/castrol/country-sites-new/en_ca/canada/home/documents/products/our-brands/automotive/castrol,https://www.cassol.ro/docs/(EN)%20Edge%205W-30.pdf
Castrol,EDGE 5W-20,5W-20,SP,GF-6,-,Automobile,Essence,NULL,NULL,NULL,NULL,FALSE,TRUE,FALSE,GM dexos1 Gen 3;Ford WSS-M2C946-A/B1,"Passenger cars;SUVs;Light vehicles",https://www.castrol.com/content/dam/castrol/country-sites-new/en_ca/canada/home/documents/products/our-brands/automotive/castrol,https://petroleumservicecompany.com/content/pdfs/castrol_edge_5w-20_PDS.pdf
Castrol,MAGNATEC 5W-30,5W-30,SP,GF-6,-,Automobile,Essence,NULL,NULL,NULL,NULL,FALSE,TRUE,FALSE,GM dexos1 Gen 3;Ford WSS-M2C946-A/B1,"Passenger cars;SUVs;Light commercial vehicles",https://www.castrol.com/content/dam/castrol/country-sites-new/en_ca/canada/home/documents/products/our-brands/automotive/castrol,https://www.castrol.com/content/dam/castrol/country-sites-new/en_ca/canada/home/documents/products/our-brands/automotive/castrol
Castrol,GTX Ultraclean 5W-30,5W-30,SP,GF-6,-,Automobile,Essence,NULL,NULL,NULL,NULL,FALSE,TRUE,FALSE,ILSAC GF-6,"Passenger cars;SUVs;Light vehicles - sludge protection",https://www.castrol.com/en_ca/canada/home/products/our-brands/automotive/castrol-gtx-oils/castrol-gtx.html,https://shop.sclubricants.com/pub/media/pds/castrol/castrol-gtx-ultraclean-5w-30-pds.pdf
Castrol,EDGE 0W-20,0W-20,SP,GF-6,-,Automobile,Essence;Hybrid,NULL,NULL,NULL,NULL,FALSE,FALSE,TRUE,GM dexos1 Gen 2;Ford WSS-M2C962-A1;Honda;Toyota;Nissan;Mazda;Subaru,"Passenger cars;SUVs;Modern fuel economy engines;Japanese manufacturers;Korean manufacturers",https://www.castrol.com/content/dam/castrol/country-sites-new/en_ca/canada/home/documents/products/our-brands/automotive/castrol,https://www.castrol.com/content/dam/castrol/country-sites-new/en_ca/canada/home/documents/products/our-brands/automotive/castrol
Castrol,EDGE 5W-40 Euro Car,5W-40,SN,C3,-,Automobile,Essence;Diesel,NULL,NULL,NULL,NULL,FALSE,TRUE,FALSE,VW 502.00/505.00;Porsche A40;MB 229.3/226.5;BMW LL-01;Renault RN0700/0710;Fiat 9.55535-G2/N2,"VW Group;Audi;Porsche;Mercedes-Benz;BMW;Renault;Fiat;Alfa Romeo;Lancia;European passenger cars",https://www.castrol.com/en_gb/united-kingdom/home/products/our-brands/automotive/castrol-edge-oils/castrol-edge.html,https://www.castrol.com/en_gb/united-kingdom/home/products/our-brands/automotive/castrol-edge-oils/castrol-edge.html
Castrol,EDGE Turbo Diesel 5W-40,5W-40,NA,C3,-,Automobile;Poids Lourd,Diesel,NULL,NULL,NULL,NULL,TRUE,TRUE,FALSE,VW 505.01;MB 229.31;BMW LL-04;ACEA C3;Fiat 9.55535-S2,"VW PD engines;Mercedes-Benz;BMW;Fiat Group;Turbo diesel passenger cars;Light commercial vehicles;DPF compatible",https://www.castrol.com/en_gb/united-kingdom/home/products/our-brands/automotive/castrol-edge-oils/castrol-edge.html,https://www.castrol.com/en_gb/united-kingdom/home/products/our-brands/automotive/castrol-edge-oils/castrol-edge.html
Castrol,MAGNATEC Stop-Start 5W-20,5W-20,SP,GF-6,-,Automobile,Essence;Hybrid,NULL,NULL,NULL,NULL,FALSE,TRUE,TRUE,GM dexos1 Gen 3;Ford WSS-M2C962-A1;Honda;Toyota;Hyundai;Kia,"Passenger cars;SUVs;Hybrid vehicles;Stop-Start technology;Fuel economy engines;Japanese manufacturers",https://www.castrol.com/content/dam/castrol/country-sites-new/en_ca/canada/home/documents/products/our-brands/automotive/castrol,https://www.castrol.com/content/dam/castrol/country-sites-new/en_ca/canada/home/documents/products/our-brands/automotive/castrol
Castrol,POWER1 4T 10W-40,10W-40,SL,NA,MA2,Moto,Essence,NULL,NULL,NULL,NULL,FALSE,FALSE,FALSE,JASO MA2,"Motorcycles;Scooters;4-stroke engines;High performance;Wet clutch compatible",https://www.castrol.com/en_in/india/home/products/our-brands/two-wheelers/activ.html,https://apps.ils.co.nz/assets/downloads/SKU%20TDS/3356038.pdf
Castrol,POWER1 2T TTS Racing,NA,NA,NA,NA,Moto,Essence,NULL,NULL,NULL,NULL,FALSE,FALSE,FALSE,NA,"2-stroke motorcycles;High performance racing;European and Japanese manufacturers;Road and off-road",https://www.castrol.com/en_in/india/home/products/our-brands/two-wheelers/activ.html,https://apps.ils.co.nz/assets/downloads/SKU%20TDS/3356038.pdf
Castrol,EDGE Supercar 5W-20,5W-20,NA,NA,-,Automobile,Essence;E85;Hybrid,NULL,NULL,NULL,NULL,FALSE,TRUE,TRUE,NA,"High performance supercars;Ferrari;Lamborghini;McLaren;Bugatti;Aston Martin;Racing engines;E85 biofuel compatible;Hybrid hypercars",https://www.castrol.com/en_gb/united-kingdom/home/products/our-brands/automotive/castrol-edge-oils/castrol-edge.html,https://www.castrol.com/en_gb/united-kingdom/home/products/our-brands/automotive/castrol-edge-oils/castrol-edge.html
Castrol,POWER1 Racing 4T 10W-50,10W-50,NA,NA,JASO MA2,Moto,Essence,NULL,NULL,NULL,NULL,FALSE,TRUE,FALSE,JASO MA2,"Racing motorcycles;4-stroke;High performance;Wet clutch;Road racing;Off-road racing;Superbikes;Track use",https://www.castrol.com/en_in/india/home/products/our-brands/two-wheelers/activ.html,https://apps.ils.co.nz/assets/downloads/SKU%20TDS/3356038.pdf
Castrol,POWER1 Racing 2T,NA,NA,NA,NA,Moto,Essence,NULL,NULL,NULL,NULL,FALSE,FALSE,FALSE,NA,"2-stroke racing motorcycles;High performance;Road racing;Off-road racing;Karting;Water-cooled;Air-cooled",https://www.castrol.com/en_in/india/home/products/our-brands/two-wheelers/activ.html,https://apps.ils.co.nz/assets/downloads/SKU%20TDS/3356038.pdf
Shell,Helix Ultra 5W-40,5W-40,SN/CF,A3/B3;A3/B4,-,Automobile;Moto,Essence;Diesel;LPG,NULL,NULL,NULL,NULL,FALSE,TRUE,FALSE,BMW LL-01;MB 229.5/226.5;VW 502.00/505.00;Renault RN0700/RN0710,"Passenger cars;SUVs;Light commercial vehicles;Pick-up trucks;Sport-utility vehicles;Motorcycles",https://www.shell.com/motorist/oils-lubricants/helix-for-cars/shell-helix-ultra/shell-helix-ultra-5w-30.html,https://www.epc.shell.com/DocumentRetrieve?documentId=95895254
Shell,Helix Ultra 5W-30,5W-30,SL/CF;SN/CF,A3/B3;A3/B4,-,Automobile,Essence;Diesel;LPG;Ethanol,NULL,NULL,NULL,NULL,FALSE,TRUE,FALSE,BMW LL-01;MB 229.5/226.5;VW 502.00/505.00;Renault RN0700/RN0710,"Passenger cars;SUVs;Light vehicles;Fuel economy applications",https://www.shell.com/motorist/oils-lubricants/helix-for-cars/shell-helix-ultra/shell-helix-ultra-5w-30.html,https://www.epc.shell.com/DocumentManagement/BlobDocumentDownload?DocId=12092258
Shell,Helix Ultra ECT 5W-30,5W-30,SN/CF,C3,-,Automobile,Essence;Diesel,NULL,NULL,NULL,NULL,TRUE,TRUE,FALSE,VW 504 00/507 00;BMW LL-04;MB 229.51,"Passenger cars;SUVs;Light commercial vehicles with DPF/FAP",https://www.epc.shell.com/DocumentRetrieve?documentId=124570635&docType=.pdf,https://www.qualitybearingsonline.com/content/Lubricants/MSDS%20and%20TDS%20PDFs/Shell/Shell%20Helix%20Ultra%20ECT%205W-30%20TDS
Shell,Helix HX8 ECT 5W-40,5W-40,SN,C3,-,Automobile,Essence;Diesel,NULL,NULL,NULL,NULL,TRUE,TRUE,FALSE,MB 229.31/229.51;BMW LL-04;Renault RN0700/0710;GM dexos2;Fiat 955535-S2,"Passenger cars;SUVs;Light vehicles with DPF;Emissions-compatible",https://www.shell-livedocs.com/data/published/en-GB/927dbf48-b590-47bf-a6bd-dde36c805a53.pdf,https://www.epc.shell.com/DocumentRetrieve?documentId=131273369&docType=.pdf
Shell,Advance AX7 10W-40,10W-40,SL,MA2,MA2,Moto,Essence,NULL,NULL,NULL,NULL,FALSE,FALSE,FALSE,JASO MA2,"Motorcycles;4-stroke;High performance;Wet clutch;Manual transmission;Off-road;Street",https://www.shell.co.za/motorists/oils-lubricants/advance-for-motorcycles/advance-4-stroke-motorcycle-oil.html,https://www.scribd.com/document/624360664/TDS-Advance-4T-AX7-10W-40-SLMA2
Shell,Advance SX 2,NA,NA,FB,FB,Moto,Essence,NULL,NULL,NULL,NULL,FALSE,FALSE,FALSE,JASO FB;ISO-L-EGB,"Two-stroke motorcycles;Oil injection;Premix systems;Air-cooled;Water-cooled;Off-road",https://www.shell.co.za/motorists/oils-lubricants/advance-for-motorcycles/advance-4-stroke-motorcycle-oil/_jcr_content/root/main,https://www.shell.co.za/motorists/oils-lubricants/advance-for-motorcycles/advance-4-stroke-motorcycle-oil/_jcr_content/root/main
Shell,Rotella T4 Triple Protection 15W-40,15W-40,NA,NA,-,Poids Lourd;Agricole,Diesel,NULL,NULL,NULL,NULL,TRUE,TRUE,FALSE,NA,"Heavy-duty diesel engines;Severe duty;EGR engines;DPF equipped;Agricultural;Mining;Logging;Construction;Pick-up trucks;SUVs;Commercial vehicles",https://shop.sclubricants.com/pub/media/pds/shell/Shell-Rotella-T4-Triple-Protection-15W-40-datasheet.pdf,https://shop.sclubricants.com/pub/media/pds/shell/Shell-Rotella-T4-Triple-Protection-15W-40-datasheet.pdf
Shell,Rimula MV 15W-40,15W-40,CH-4/SJ,NA,-,Poids Lourd;Agricole,Diesel,NULL,NULL,NULL,NULL,TRUE,TRUE,FALSE,NA,"Heavy-duty trucks;Buses;Off-highway;Agricultural machinery;Construction equipment;Mining trucks;Logging equipment;EGR engines;DPF compatible",https://www.epc.shell.com/DocumentManagement/BlobDocumentDownload?DocId=103061169,https://www.epc.shell.com/DocumentRetrieve?documentId=127051496&docType=.pdf
Shell,Rimula R4 Multi 10W-30,10W-30,NA,NA,-,Poids Lourd;Agricole,Diesel,NULL,NULL,NULL,NULL,FALSE,TRUE,FALSE,NA,"Heavy-duty trucks;Buses;Commercial vehicles;Agricultural tractors;Mining equipment;Off-highway;Construction;Fuel economy",https://www.shell-livedocs.com/data/published/en-GB/49a9f4aa-3815-46dd-a6de-8c0056291bec.pdf,https://www.epc.shell.com/DocumentRetrieve?documentId=127051496&docType=.pdf
Shell,Rimula R7 ADD 10W-30,10W-30,NA,NA,-,Poids Lourd,Diesel,NULL,NULL,NULL,NULL,FALSE,TRUE,FALSE,NA,"Heavy-duty trucks;Buses;Low HTHSV fuel economy applications;Extended drain intervals;Commercial fleet",https://www.shell-livedocs.com/data/published/en-AU/369e652c-7e64-43f5-8971-d0c06df507ae.pdf,https://www.epc.shell.com/DocumentRetrieve?documentId=127051496&docType=.pdf
Shell,Helix Ultra Professional AG 5W-30,5W-30,NA,NA,-,Automobile,Essence;Diesel,NULL,NULL,NULL,NULL,FALSE,TRUE,FALSE,VW 504 00/507 00;BMW LL-04;MB 229.51;Porsche C30;Renault RN0700/0710,"VW Group;Audi;Porsche;BMW;Mercedes-Benz;Renault;European passenger cars;Long-life service",https://www.epc.shell.com/DocumentRetrieve?documentId=95895254,https://www.epc.shell.com/DocumentRetrieve?documentId=95895254
Shell,Helix Ultra Professional AV-L 5W-30,5W-30,NA,C3,-,Automobile,Essence;Diesel,NULL,NULL,NULL,NULL,TRUE,TRUE,FALSE,MB 229.51/229.31;BMW LL-04;VW 504 00/507 00;Porsche C30;Renault RN0700/0710,"Mercedes-Benz;BMW;VW Group;Audi;Porsche;Renault;Volvo;Jaguar Land Rover;DPF compatible",https://www.epc.shell.com/DocumentRetrieve?documentId=124570635&docType=.pdf,https://www.epc.shell.com/DocumentRetrieve?documentId=124570635&docType=.pdf
Shell,Helix Ultra ECT C5 5W-30,5W-30,NA,C5,-,Automobile,Essence;Diesel;Hybrid,NULL,NULL,NULL,NULL,TRUE,TRUE,TRUE,MB 229.52;Ford WSS-M2C950-A1;Jaguar Land Rover STJLR 03.5005;Volvo RBS0-2AE,"Mercedes-Benz;Ford;Jaguar;Land Rover;Volvo;Hybrid vehicles;Fuel economy;Low viscosity",https://www.epc.shell.com/DocumentRetrieve?documentId=124570635&docType=.pdf,https://www.epc.shell.com/DocumentRetrieve?documentId=124570635&docType=.pdf
Shell,Helix Ultra SN 5W-20,5W-20,SN,NA,-,Automobile,Essence;Hybrid,NULL,NULL,NULL,NULL,FALSE,FALSE,TRUE,Ford WSS-M2C946-A/B1;Honda;Toyota;Nissan;Mazda;Subaru;Hyundai;Kia;GM dexos1,"Ford;Honda;Toyota;Nissan;Mazda;Subaru;Hyundai;Kia;GM;Passenger cars;SUVs;Hybrid vehicles",https://www.shell.com.pk/motorists/oils-lubricants/helix-for-cars/helix-fully-synthetic/shell-helix-ultra-sn-5w-201/_jcr_content,https://www.shell.com.pk/motorists/oils-lubricants/helix-for-cars/helix-fully-synthetic/shell-helix-ultra-sn-5w-201/_jcr_content
Shell,Rotella T6 5W-40,5W-40,FA-4/CJ-4,NA,-,Poids Lourd;Agricole,Diesel,NULL,NULL,NULL,NULL,TRUE,TRUE,FALSE,Cummins 20081;Detroit 7SE270;Volvo VDS-4.5;MAN 3575;MB 228.51;MTU Type 3.1;CAT ECF-3;JASO DH-2,"Heavy-duty trucks;Buses;Agricultural equipment;Construction machinery;Mining;Logging;Euro IV/V/VI;DPF;EGR;SCR;Extended drain",https://shop.sclubricants.com/pub/media/pds/shell/Shell-Rotella-T4-Triple-Protection-15W-40-datasheet.pdf,https://shop.sclubricants.com/pub/media/pds/shell/Shell-Rotella-T4-Triple-Protection-15W-40-datasheet.pdf
Shell,Advance Ultra 4T 10W-60,10W-60,NA,NA,JASO MA2,Moto,Essence,NULL,NULL,NULL,NULL,FALSE,TRUE,FALSE,JASO MA2;API SL,"High performance motorcycles;4-stroke;Racing;Track use;Superbikes;Sport bikes;Wet clutch compatible;Water-cooled engines",https://www.shell.co.za/motorists/oils-lubricants/advance-for-motorcycles/advance-4-stroke-motorcycle-oil.html,https://www.scribd.com/document/624360664/TDS-Advance-4T-AX7-10W-40-SLMA2
Shell,Advance Ultra 2T,NA,NA,NA,NA,Moto,Essence,NULL,NULL,NULL,NULL,FALSE,FALSE,FALSE,JASO FD;ISO-L-FD,"2-stroke high performance motorcycles;Racing;Water-cooled;Air-cooled;Oil injection;Premix systems;Off-road racing",https://www.shell.co.za/motorists/oils-lubricants/advance-for-motorcycles/advance-4-stroke-motorcycle-oil/_jcr_content/root/main,https://www.shell.co.za/motorists/oils-lubricants/advance-for-motorcycles/advance-4-stroke-motorcycle-oil/_jcr_content/root/main
Shell,Helix Ultra Racing 10W-60,10W-60,NA,A3/B4,-,Automobile,Essence,NULL,NULL,NULL,NULL,FALSE,TRUE,FALSE,BMW LL-01;MB 229.5;VW 502.00;Fiat 9.55535-G2;Ferrari,"BMW M series;Mercedes-Benz AMG;Ferrari;Maserati;Aston Martin;High performance;Track use;Racing engines;Turbocharged",https://www.shell.com/motorist/oils-lubricants/helix-for-cars/shell-helix-ultra/shell-helix-ultra-5w-30.html,https://www.epc.shell.com/DocumentRetrieve?documentId=95895254
Shell,Rimula R6 LME 10W-30,10W-30,NA,NA,-,Poids Lourd;Agricole,Diesel,NULL,NULL,NULL,NULL,FALSE,TRUE,FALSE,Volvo VDS-4;MAN 3575;MB 228.51;MTU Type 3;Scania LA;Cummins 20081,"Heavy-duty trucks;Buses;Long drain intervals;Fuel economy;Agricultural equipment;Construction machinery;Mining;Euro IV/V/VI;DPF;EGR;SCR",https://www.epc.shell.com/DocumentRetrieve?documentId=127051496&docType=.pdf,https://www.epc.shell.com/DocumentRetrieve?documentId=127051496&docType=.pdf
TotalEnergies,Quartz 9000 Energy 5W-40,5W-40,SN/CF,A3/B4,-,Automobile,Essence;Diesel;LPG,NULL,NULL,NULL,NULL,FALSE,TRUE,FALSE,VW 502.00/505.00;MB 226.5/229.5;Porsche A40;Fiat 9.55535-G2/N2/Z2;BMW LL-01,"Passenger cars;SUVs;Light commercial vehicles;Direct injection;Turbocharged;Multi-valve",https://lubricants.catalog.totalenergies.com/in/en_UK/nct_quartz-9000-energy-5w-40,https://barady.ro/wp-content/uploads/2022/02/FT-total_quartz_9000_energy_5w-40_nct_202009_en.pdf
TotalEnergies,Quartz Ineo RCP 5W-30,5W-30,NA,NA,-,Automobile,Essence;Diesel,NULL,NULL,NULL,NULL,FALSE,TRUE,FALSE,Stellantis FPW9.55535/03;PSA B71 2290/2297,"Passenger cars;Light commercial vehicles;1.5 BlueHDi;1.2 PureTech;Stellantis engines",https://olejspol.cz/media/1d/c8/32/1759922897/TDS_TotalEnergies_Quartz-Ineo-RCP-5W-30_YIV_EN.pdf,https://olejspol.cz/media/1d/c8/32/1759922897/TDS_TotalEnergies_Quartz-Ineo-RCP-5W-30_YIV_EN.pdf
TotalEnergies,Quartz 9000 Future GF 5W-30,5W-30,NA,NA,-,Automobile,Essence;Diesel;Hybrid,NULL,NULL,NULL,NULL,TRUE,TRUE,TRUE,ACEA C1;Fiat 9.55535-S1;Ford WSS-M2C950-A1;Jaguar Land Rover STJLR 03.5005;Volvo RBS0-2AE,"Fiat Group;Ford;Jaguar;Land Rover;Volvo;Hybrid vehicles;Fuel economy;Low SAPS;DPF compatible",https://lubricants.catalog.totalenergies.com/in/en_UK/nct_quartz-9000-energy-5w-40,https://barady.ro/wp-content/uploads/2022/02/FT-total_quartz_9000_energy_5w-40_nct_202009_en.pdf
TotalEnergies,Quartz Ineo ECS 5W-30,5W-30,NA,C2,-,Automobile,Essence;Diesel,NULL,NULL,NULL,NULL,TRUE,TRUE,FALSE,ACEA C2;Fiat 9.55535-S1;PSA B71 2290,"PSA Group;Peugeot;Citroën;DS;Fiat;Alfa Romeo;Lancia;Mid SAPS;DPF compatible;Fuel economy",https://mygt.ru/_upload/MSDS/TOTAL/TOTAL%20Quartz%209000%20Energy%205W-40.pdf,https://pouliotpiecesautos.com/wp-content/uploads/2020/02/QUARTZ-9000-ENERGY-5W-40-FT-TOT.pdf
TotalEnergies,Quartz Ineo Long Life 5W-30,5W-30,NA,C3,-,Automobile,Essence;Diesel,NULL,NULL,NULL,NULL,TRUE,TRUE,FALSE,VW 504 00/507 00;BMW LL-04;MB 229.51;Porsche C30;Renault RN0700/0710,"VW Group;Audi;Porsche;BMW;Mercedes-Benz;Renault;Volvo;Jaguar Land Rover;Long-life service;DPF",https://mygt.ru/_upload/MSDS/TOTAL/TOTAL%20Quartz%209000%20Energy%205W-40.pdf,https://pouliotpiecesautos.com/wp-content/uploads/2020/02/QUARTZ-9000-ENERGY-5W-40-FT-TOT.pdf
TotalEnergies,Quartz 5000 10W-40,10W-40,SN/CF,A3/B3;A3/B4,-,Automobile;Poids Lourd,Essence;Diesel;LPG;CNG,NULL,NULL,NULL,NULL,FALSE,TRUE,FALSE,VW 501.01/505.00;MB 229.1;Renault RN0710/0700;Fiat 9.55535-G1,"VW Group;Mercedes-Benz;Renault;Fiat;Alfa Romeo;Lancia;Passenger cars;Light commercial vehicles;LPG/CNG compatible",https://fr.scribd.com/document/438676827/Quartz-3000-pdf,https://fr.scribd.com/document/438676827/Quartz-3000-pdf
TotalEnergies,Rubia TIR 6400 10W-30,10W-30,NA,NA,-,Poids Lourd;Agricole,Diesel,NULL,NULL,NULL,NULL,TRUE,TRUE,FALSE,Volvo VDS-4.5;MAN 3575;Scania LA;MB 228.51;MTU Type 3.1;Cummins 20081,"Heavy-duty trucks;Buses;Commercial vehicles;Agricultural equipment;Construction machinery;Euro IV/V/VI;DPF;EGR;SCR",https://agri.lubrifiants.totalenergies.fr/wp-content/uploads/sites/2/2021/07/brochure-lub-agri.pdf,https://agri.lubrifiants.totalenergies.fr/wp-content/uploads/sites/2/2021/07/brochure-lub-agri.pdf
TotalEnergies,Rubia TIR 7400 FE 5W-30,5W-30,NA,NA,-,Poids Lourd,Diesel,NULL,NULL,NULL,NULL,TRUE,TRUE,FALSE,Volvo VDS-4.5;MAN 3575;Scania LA;MB 228.51;MTU Type 3.1;Cummins 20081;DAF;IVECO;Renault Trucks;UD Trucks,"Heavy-duty trucks;Buses;Commercial fleet;Fuel economy;Extended drain;DPF;EGR;SCR;Euro IV/V/VI",https://agri.lubrifiants.totalenergies.fr/wp-content/uploads/sites/2/2021/07/brochure-lub-agri.pdf,https://agri.lubrifiants.totalenergies.fr/wp-content/uploads/sites/2/2021/07/brochure-lub-agri.pdf
TotalEnergies,Hydrelfeed MV 10W-30,10W-30,NA,NA,-,Agricole,Diesel;Hydraulic,NULL,NULL,NULL,NULL,FALSE,FALSE,FALSE,NA,"Agricultural tractors;Combine harvesters;Farm machinery;Hydraulic systems;Transmissions;Wet brakes;Power take-off;Common sump applications",https://agri.lubrifiants.totalenergies.fr/wp-content/uploads/sites/2/2021/07/brochure-lub-agri.pdf,https://agri.lubrifiants.totalenergies.fr/wp-content/uploads/sites/2/2021/07/brochure-lub-agri.pdf
TotalEnergies,Hydreltrans 830,NA,NA,NA,-,Agricole,NA,NULL,NULL,NULL,NULL,FALSE,FALSE,FALSE,JDM J20C;NH 520;Fiat FNHA-2-E-161.1,"Agricultural tractors;Combine harvesters;Hydraulic systems;Transmissions;Wet brakes;Power steering;Common sump;Farm equipment;Universal tractor transmission oil",https://agri.lubrifiants.totalenergies.fr/wp-content/uploads/sites/2/2021/07/brochure-lub-agri.pdf,https://agri.lubrifiants.totalenergies.fr/wp-content/uploads/sites/2/2021/07/brochure-lub-agri.pdf
TotalEnergies,Rubia TIR 9900 FE 5W-30,5W-30,NA,NA,-,Poids Lourd,Diesel,NULL,NULL,NULL,NULL,TRUE,TRUE,FALSE,Volvo VDS-4.5;MAN 3575;MB 228.51;MTU Type 3.1;Cummins 20081;Scania LA;Renault Trucks RLD-3;DAF;IVECO;UD Trucks,"Heavy-duty trucks;Buses;Commercial fleet;Fuel economy;Extended drain;Euro IV/V/VI;DPF;EGR;SCR;Low emissions",https://agri.lubrifiants.totalenergies.fr/wp-content/uploads/sites/2/2021/07/brochure-lub-agri.pdf,https://agri.lubrifiants.totalenergies.fr/wp-content/uploads/sites/2/2021/07/brochure-lub-agri.pdf
TotalEnergies,Arevia 10W-30,10W-30,NA,NA,-,Agricole,Diesel;Hydraulic,NULL,NULL,NULL,NULL,FALSE,FALSE,FALSE,NA,"Agricultural tractors;Combine harvesters;Farm machinery;Hydraulic systems;Transmissions;Wet brakes;Power take-off;Differentials;Common sump",https://agri.lubrifiants.totalenergies.fr/wp-content/uploads/sites/2/2021/07/brochure-lub-agri.pdf,https://agri.lubrifiants.totalenergies.fr/wp-content/uploads/sites/2/2021/07/brochure-lub-agri.pdf
TotalEnergies,Quartz Racing 10W-40,10W-40,NA,NA,-,Automobile;Moto,Essence,NULL,NULL,NULL,NULL,FALSE,TRUE,FALSE,API SN;ACEA A3/B4,"Racing cars;Rally;Track use;High performance;Turbocharged;Naturally aspirated;Racing motorcycles;4-stroke",https://lubricants.catalog.totalenergies.com/in/en_UK/nct_quartz-9000-energy-5w-40,https://barady.ro/wp-content/uploads/2022/02/FT-total_quartz_9000_energy_5w-40_nct_202009_en.pdf
Motul,8100 X-CLEAN+ 5W-30,5W-30,NA,C3,-,Automobile,Essence;Diesel,NULL,NULL,NULL,NULL,TRUE,TRUE,FALSE,BMW LL-04;MB 229.51;Porsche C30;VW 504 00/507 00,"Passenger cars;SUVs;Euro 4/5/6 engines;BMW;Mercedes;Porsche;VAG group",https://www.motul.com/en-US/products/17720,https://azupim01.motul.com/media/motulData/DO/base/8100_x-clean__5w-30_en_fr_motultech_17720_20221213.pdf
Motul,8100 X-CESS GEN2 5W-40,5W-40,NA,A3/B4,-,Automobile,Essence;Diesel,NULL,NULL,NULL,NULL,FALSE,TRUE,FALSE,MB 229.5;VW 502.00/505.00;Porsche A40;Renault RN0700/0710,"Passenger cars;SUVs;High performance engines;Turbocharged;Direct injection",https://azupim01.motul.com/media/motulData/DO/base/8100_x-cess_gen2_5w-40_en_fr_motul_20200423.pdf,https://azupim01.motul.com/media/motulData/DO/base/8100_x-cess_gen2_5w-40_en_fr_motul_20200423.pdf
Motul,300V COMPETITION 5W-40,5W-40,NA,NA,-,Automobile;Moto,Essence;Diesel;E85,NULL,NULL,NULL,NULL,TRUE,TRUE,FALSE,NA,"Racing cars;Rally;GT;Historic racing;Turbocharged;Supercharged;Direct injection;Biofuel compatible",https://www.motul.com/en-US/products/13311,https://azupim01.motul.com/media/motulData/DO/base/300V_COMP_5W-40_en_FR_motul_13311_20210916.pdf
Motul,300V 4T FACTORY LINE 10W-40,10W-40,NA,NA,MA2,Moto,Essence,NULL,NULL,NULL,NULL,FALSE,TRUE,FALSE,NA,"Racing motorcycles;4-stroke;High performance;Wet clutch compatible",https://azupim01.motul.com/media/motulData/DO/base/300V_4T_Factory_Line_10W-40__en_FR_motul_20210324.pdf,https://azupim01.motul.com/media/motulData/DO/base/300V_4T_Factory_Line_10W-40__en_FR_motul_20210324.pdf
Motul,TEKMA ULTIMA 5W-30 LS,5W-30,NA,NA,-,Poids Lourd;Automobile,Diesel,NULL,NULL,NULL,NULL,TRUE,TRUE,FALSE,MB 228.51;MAN 3575;Cummins 20081;Volvo VDS-4.5;Renault Trucks RLD-3;DAF;Scania;IVECO;FPT 9.55647;CAT ECF-3;JASO DH-2,"Heavy-duty trucks;Buses;Commercial vehicles;Pick-up trucks;Light commercial vehicles;Euro IV/V/VI;DPF;SCR;EGR;Low SAPS;Fuel economy;Extended drain",https://azupim01.motul.com/media/motulData/DO/base/tekma_ultima_5w-30_ls_en_fr_motul_70804_20250327.pdf,https://azupim01.motul.com/media/motulData/DO/base/tekma_ultima_5w-30_ls_en_fr_motul_70804_20250327.pdf
Motul,POWER LCV EURO+ 5W-40,5W-40,NA,NA,-,Automobile;Poids Lourd,Diesel,NULL,NULL,NULL,NULL,TRUE,TRUE,FALSE,MB 229.51;VW 504 00/507 00;BMW LL-04;Renault RN0700/0710;Fiat 9.55535-S1,"Light commercial vehicles;Vans;Pick-up trucks;SUVs;Diesel passenger cars;DPF;Euro IV/V/VI;Fleet applications",https://azupim01.motul.com/media/motulData/DO/base/POWER_LCV_EURO__5W-40__ru_RU_motul_11920_20211229.pdf,https://azupim01.motul.com/media/motulData/DO/base/POWER_LCV_EURO__5W-40__ru_RU_motul_11920_20211229.pdf
Motul,SPECIFIC 17 5W-30,5W-30,NA,C3,-,Automobile;Poids Lourd,Essence;Diesel,NULL,NULL,NULL,NULL,TRUE,TRUE,FALSE,Renault RN17;MB 226.52,"Renault Group vehicles (Renault/Dacia/Samsung);Mercedes-Benz vehicles with Renault engines;Passenger cars;Light commercial vehicles;Euro 6d;DPF compatible",https://azupim01.motul.com/media/motulData/DO/base/SPECIFIC_17_5W-30_fr_FR_motul_59632_20211229.pdf,https://azupim01.motul.com/media/motulData/DO/base/SPECIFIC_17_5W-30_fr_FR_motul_59632_20211229.pdf
Motul,8100 X-cess 5W-40,5W-40,NA,A3/B4,-,Automobile,Essence;Diesel,NULL,NULL,NULL,NULL,FALSE,TRUE,FALSE,MB 229.5;VW 502.00/505.00;Porsche A40;Renault RN0700/0710;Fiat 9.55535-G2/N2;GM-LL-B025,"Mercedes-Benz;VW Group;Audi;Porsche;Renault;Fiat;Alfa Romeo;Opel/GM;European passenger cars",https://azupim01.motul.com/media/motulData/DO/base/8100_x-cess_gen2_5w-40_en_fr_motul_20200423.pdf,https://azupim01.motul.com/media/motulData/DO/base/8100_x-cess_gen2_5w-40_en_fr_motul_20200423.pdf
Motul,8100 X-cess Gen2 0W-30,0W-30,NA,C2,-,Automobile;Hybrid,Essence;Diesel;Hybrid,NULL,NULL,NULL,NULL,TRUE,TRUE,TRUE,MB 229.52;Fiat 9.55535-S1;Ford WSS-M2C950-A1;Jaguar Land Rover STJLR 03.5005;Volvo RBS0-2AE;GM dexos2,"Mercedes-Benz;Fiat;Ford;Jaguar;Land Rover;Volvo;GM;Hybrid vehicles;Fuel economy;Low SAPS",https://azupim01.motul.com/media/motulData/DO/base/8100_x-cess_gen2_5w-40_en_fr_motul_20200423.pdf,https://azupim01.motul.com/media/motulData/DO/base/8100_x-cess_gen2_5w-40_en_fr_motul_20200423.pdf
Motul,Specific 912.505 5W-40,5W-40,NA,NA,-,Automobile,Essence;Diesel,NULL,NULL,NULL,NULL,TRUE,TRUE,FALSE,MB 229.51/229.31;BMW LL-04;VW 505.01;Porsche C30;Renault RN0700/0710,"Mercedes-Benz;BMW;VW PD engines;Porsche;Renault;DPF compatible;Turbo diesel;Direct injection",https://www.motul.com/en-US/products/17720,https://azupim01.motul.com/media/motulData/DO/base/8100_x-clean__5w-30_en_fr_motultech_17720_20221213.pdf
Motul,Specific 229.52 5W-30,5W-30,NA,C5,-,Automobile;Hybrid,Essence;Diesel;Hybrid,NULL,NULL,NULL,NULL,TRUE,TRUE,TRUE,MB 229.52;Ford WSS-M2C950-A1;Jaguar Land Rover STJLR 03.5005;Volvo RBS0-2AE,"Mercedes-Benz latest generation;Ford;Jaguar;Land Rover;Volvo;Hybrid vehicles;Fuel economy;Low HTHS",https://www.motul.com/en-US/products/17720,https://azupim01.motul.com/media/motulData/DO/base/8100_x-clean__5w-30_en_fr_motultech_17720_20221213.pdf
Motul,Clean+ Tech 5W-30,5W-30,NA,C3,-,Automobile,Essence;Diesel,NULL,NULL,NULL,NULL,TRUE,TRUE,FALSE,MB 229.51;BMW LL-04;VW 504 00/507 00;Porsche C30;Renault RN0700/0710;Fiat 9.55535-S2,"Mercedes-Benz;BMW;VW Group;Audi;Porsche;Renault;Fiat;DPF compatible;Emissions systems",https://www.motul.com/en-US/products/17720,https://azupim01.motul.com/media/motulData/DO/base/8100_x-clean__5w-30_en_fr_motultech_17720_20221213.pdf
Motul,300V 10W-50,10W-50,NA,NA,-,Automobile;Moto,Essence;E85;Ethanol,NULL,NULL,NULL,NULL,TRUE,TRUE,FALSE,NA,"Racing cars;Rally;GT;Historic racing;Track use;Racing motorcycles;4-stroke;2-stroke;Turbocharged;Supercharged;Direct injection;Biofuel compatible (E85)",https://azupim01.motul.com/media/motulData/DO/base/300V_COMP_5W-40_en_FR_motul_13311_20210916.pdf,https://azupim01.motul.com/media/motulData/DO/base/300V_COMP_5W-40_en_FR_motul_13311_20210916.pdf
Motul,300V 0W-20,0W-20,NA,NA,-,Automobile,Essence;E85;Hybrid,NULL,NULL,NULL,NULL,FALSE,TRUE,TRUE,NA,"Racing cars;Rally;Hybrid racing;Fuel economy racing;E85 biofuel;Japanese manufacturers racing;Track use;High performance",https://azupim01.motul.com/media/motulData/DO/base/300V_COMP_5W-40_en_FR_motul_13311_20210916.pdf,https://azupim01.motul.com/media/motulData/DO/base/300V_COMP_5W-40_en_FR_motul_13311_20210916.pdf
Motul,300V 2T Factory Line,NA,NA,NA,NA,Moto,Essence,NULL,NULL,NULL,NULL,FALSE,FALSE,FALSE,NA,"2-stroke racing motorcycles;High performance;Road racing;Off-road racing;Karting;Water-cooled;Air-cooled;Oil injection;Premix systems",https://azupim01.motul.com/media/motulData/DO/base/300V_4T_Factory_Line_10W-40__en_FR_motul_20210324.pdf,https://azupim01.motul.com/media/motulData/DO/base/300V_4T_Factory_Line_10W-40__en_FR_motul_20210324.pdf
Motul,Geo 5W-30,5W-30,NA,C3,-,Automobile;Agricole,Diesel,NULL,NULL,NULL,NULL,TRUE,TRUE,FALSE,MB 228.51;MAN 3575;Cummins 20081;Volvo VDS-4.5;Renault Trucks RLD-3;DAF;Scania;IVECO;FPT 9.55647;CAT ECF-3;JASO DH-2,"Heavy-duty trucks;Buses;Agricultural equipment;Construction machinery;Mining;Logging;Euro IV/V/VI;DPF;SCR;EGR;Low SAPS;Extended drain",https://azupim01.motul.com/media/motulData/DO/base/tekma_ultima_5w-30_ls_en_fr_motul_70804_20250327.pdf,https://azupim01.motul.com/media/motulData/DO/base/tekma_ultima_5w-30_ls_en_fr_motul_70804_20250327.pdf
Yacco,LUBE RN-17 5W-30,5W-30,NA,C3,-,Automobile,Essence;Diesel,NULL,NULL,NULL,NULL,TRUE,TRUE,FALSE,Renault RN17;RN0710;RN0700;MB 226.52,"Renault;Nissan;Dacia passenger cars;2018+ engines;DPF compatible",https://www.yacco.com/upload/media/default/0001/13/fac4ceb7dc1c061c07f0a709284e6e97c2536418.pdf,https://yacco.ee/wp-content/uploads/2022/02/FTE-3073-LUBE-RN-17-5W30-50-2019.pdf
Yacco,LUBE FR 5W-40,5W-40,SN/CF,A3/B4,-,Automobile,Essence;Diesel,NULL,NULL,NULL,NULL,FALSE,TRUE,FALSE,PSA B71 2296;Renault RN0710/0700;MB 229.3/226.5;Porsche A40;VW 502.00/505.00;GM-LL-B025,"PSA Group (Peugeot/Citroën/DS);Renault Group;Opel/GM;Mercedes;VW;Porsche",https://fr.yacco.com/upload/media/default/0001/03/7a1b6acafc3b682860adbb7976486ee99d487c96.pdf,https://fr.yacco.com/upload/media/default/0001/03/7a1b6acafc3b682860adbb7976486ee99d487c96.pdf
Yacco,LUBE GDI 5W-30,5W-30,SP,GF-6,-,Automobile,Essence,NULL,NULL,NULL,NULL,FALSE,TRUE,FALSE,ILSAC GF-6;dexos1,"Gasoline direct injection engines;Passenger cars;SUVs;Resource conserving",https://yacco.ee/wp-content/uploads/2022/02/FTE-3069-LUBE-GDI-5W-30-02-2021.pdf,https://yacco.ee/wp-content/uploads/2022/02/FTE-3069-LUBE-GDI-5W-30-02-2021.pdf
Yacco,LUBE O 5W-30,5W-30,NA,NA,-,Automobile;Poids Lourd,Essence;Diesel,NULL,NULL,NULL,NULL,TRUE,TRUE,FALSE,VW 504 00/507 00;BMW LL-04;MB 229.51;ACEA C3,"Passenger cars;SUVs;Light commercial vehicles;Euro IV/V/VI;DPF;EGR;Extended drain intervals",https://www.yacco.ee/wp-content/uploads/2017/06/1403783538_LUBE_O_5W_30_EE_25_2012.pdf,https://www.yacco.ee/wp-content/uploads/2017/06/1403783538_LUBE_O_5W_30_EE_25_2012.pdf
Yacco,ATF Z8&9HP,NA,NA,NA,-,Automobile;Poids Lourd,NA,NULL,NULL,NULL,NULL,FALSE,FALSE,FALSE,ZF TE-ML 04D;ZF 8HP/9HP,"Automatic transmissions;Passenger cars;Light commercial vehicles;ZF 8-speed and 9-speed transmissions;BMW;Audi;Jeep;Chrysler",https://yacco.cz/files/product_file/881-aucsh-s0galy.pdf,https://yacco.cz/files/product_file/881-aucsh-s0galy.pdf
Yacco,LUBE RN-17 FE 0W-20,0W-20,NA,C5,-,Automobile;Hybrid,Essence;Diesel;Hybrid,NULL,NULL,NULL,NULL,TRUE,TRUE,TRUE,Renault RN17;MB 226.52;Fiat 9.55535-S1,"Renault Group;Nissan;Dacia;Mercedes-Benz vehicles with Renault engines;Fiat;Hybrid vehicles;Fuel economy;Low viscosity",https://www.yacco-bulgaria.com/uploads/yacco/products/cars/lube/LUBE%20RN-17%20FE%200W-20/LUBE%20RN-17%20FE%200W20%20BG.pdf,https://www.yacco-bulgaria.com/uploads/yacco/products/cars/lube/LUBE%20RN-17%20FE%200W-20/LUBE%20RN-17%20FE%200W20%20BG.pdf
Yacco,XAS3 43,NA,NA,NA,-,Agricole,NA,NULL,NULL,NULL,NULL,FALSE,FALSE,FALSE,NH 520;Fiat FNHA-2-E-161.1;JDM J20C,"New Holland;Case IH;Fiatagri;Agricultural tractors;Combine harvesters;Hydraulic systems;Transmissions;Wet brakes;Common sump",https://yacco.cz/files/product_file/881-aucsh-s0galy.pdf,https://yacco.cz/files/product_file/881-aucsh-s0galy.pdf
Yacco,ATF DEX III,NA,NA,NA,-,Automobile;Poids Lourd,NA,NULL,NULL,NULL,NULL,FALSE,FALSE,FALSE,Dexron III;Allison C4;ZF TE-ML 04D;MAN 339;Voith 55.6335,"Automatic transmissions;Passenger cars;Light commercial vehicles;Heavy-duty trucks;Buses;ZF;Allison;Voith transmissions",https://yacco.cz/files/product_file/881-aucsh-s0galy.pdf,https://yacco.cz/files/product_file/881-aucsh-s0galy.pdf
Yacco,TRUCK 15W-40,15W-40,CH-4/SJ,NA,-,Poids Lourd;Agricole,Diesel,NULL,NULL,NULL,NULL,TRUE,TRUE,FALSE,MB 228.5;MAN M3275;Volvo VDS-3;Cummins 20076;CAT ECF-2;Mack EO-M/EO-N Plus;Renault Trucks RLD-2,"Heavy-duty trucks;Buses;Agricultural equipment;Construction machinery;Mining;Logging;Euro III;EGR engines;DPF compatible",https://www.yacco.com/en/our-products/automobile,https://www.yacco.ee/wp-content/uploads/2017/06/1403783538_LUBE_O_5W_30_EE_25_2012.pdf
Yacco,LUBE S/03 5W-30,5W-30,NA,NA,-,Automobile,Essence;Diesel,NULL,NULL,NULL,NULL,TRUE,TRUE,FALSE,VW 504 00/507 00;BMW LL-04;MB 229.51;ACEA C3;Fiat 9.55535-S2,"VW Group;Audi;BMW;Mercedes-Benz;Fiat;Renault;Passenger cars;SUVs;Light commercial vehicles;Long-life service;DPF compatible",https://www.yacco.com/en/our-products/automobile,https://www.yacco.ee/wp-content/uploads/2017/06/1403783538_LUBE_O_5W_30_EE_25_2012.pdf
