VehicleCategory,VehicleBrand,VehicleModel,Generation,YearStart,YearEnd,EngineCode,Motorisation,EngineDisplacement,Cylinders,FuelType,PowerHP,PowerKW,Turbo,Hybrid,DPF,EmissionStandard,RecommendedViscosity,OilCapacityLiters,RequiredAPI,RequiredACEA,RequiredJASO,OEMSpecifications,CompatibleOilBrands,CompatibleOilProducts,Notes,Source
Automobile,Fiat,Doblo,223,2010,2020,198A4.000,1.3 Multijet,1248,4,Diesel,90,66,TRUE,FALSE,TRUE,Euro 5,5W-40,3.1,SN/CF,C3,NULL,"Fiat 9.55535-S2; Fiat 9.55535-N2","Castrol;TotalEnergies;Motul;Shell","Castrol EDGE Turbo Diesel 5W-40;Total Quartz Ineo ECS 5W-30;Motul 8100 X-clean 5W-30","DPF compatible;Service interval 30000km",web:151
Automobile,Renault,Clio IV,BH,2013,2019,K9K,1.5 dCi,1461,4,Diesel,90,66,TRUE,FALSE,TRUE,Euro 5,5W-30,4.5,SN/CF,C4,NULL,"Renault RN0720","Motul;TotalEnergies;Castrol;Shell","Motul Specific RN0720 5W-30;Total Quartz Ineo RCP 5W-30;Castrol EDGE 5W-40","DPF compatible;Long-life service",web:138
Automobile,Renault,Clio V,RJ,2019,2026,HR13DDT,1.0 TCe,999,3,Petrol,100,74,TRUE,FALSE,FALSE,Euro 6d,5W-30,4.2,SP,GF-6,NULL,"Renault RN0710","Castrol;TotalEnergies;Motul;Shell","Castrol EDGE 5W-30;Total Quartz 9000 Energy 5W-40;Motul 8100 X-cess 5W-40","Turbo petrol;Direct injection",web:138
Automobile,Peugeot,208,T1,2012,2019,DV5FD,1.6 BlueHDi,1560,4,Diesel,120,88,TRUE,FALSE,TRUE,Euro 6,5W-30,3.75,SN/CF,C2,NULL,"PSA B71 2290; PSA B71 2297","Motul;TotalEnergies;Shell;Castrol","Motul Specific 912.505 5W-40;Total Quartz Inoe ECS 5W-30","DPF compatible;PSA engines",web:138
Automobile,Peugeot,208,P21,2019,2026,EB2ADTD,1.2 PureTech,1199,3,Petrol,130,96,TRUE,FALSE,FALSE,Euro 6d,5W-30,3.4,SP,GF-6,NULL,"PSA B71 2290; Stellantis 636150","TotalEnergies;Motul;Shell","Total Quartz Inoe RCP 5W-30;Motul 8100 X-cess 5W-40","Turbo petrol;GPF compatible",web:138
Automobile,Peugeot,206,2A/C,2001,2012,TU5JP,1.6 16V,1587,4,Petrol,110,80,FALSE,FALSE,FALSE,Euro 4,5W-40,4.5,SL,NA,NULL,"NA","Castrol;TotalEnergies;Shell","Castrol GTX 5W-40;Total Quartz 5000 10W-40","Older generation;Non-turbo",web:141
Automobile,Dacia,Logan II,K8,2013,2020,K9K,1.5 dCi,1461,4,Diesel,90,66,TRUE,FALSE,TRUE,Euro 5,5W-30,4.5,SN/CF,C4,NULL,"Renault RN0720","Motul;TotalEnergies;Castrol","Motul Specific RN0720 5W-30;Total Quartz Inoe RCP 5W-30","Same as Renault Clio IV;Renault engines",web:138
Automobile,Dacia,Logan III,2020,2026,H4B,1.0 TCe,999,3,Petrol,90,66,TRUE,FALSE,FALSE,Euro 6d,5W-30,4.2,SP,GF-6,NULL,"Renault RN0710","Castrol;TotalEnergies;Castrol","Castrol EDGE 5W-30;Total Quartz 9000 Energy 5W-40","Turbo petrol;Direct injection",web:138
Automobile,Dacia,Sandero II,B8,2013,2020,K9K,1.5 dCi,1461,4,Diesel,90,66,TRUE,FALSE,TRUE,Euro 5,5W-30,4.5,SN/CF,C4,NULL,"Renault RN0720","Motul;TotalEnergies;Castrol","Motul Specific RN0720 5W-30;Total Quartz Inoe RCP 5W-30","Same as Dacia Logan II",web:138
Automobile,Dacia,Sandero III,2020,2026,H4B,1.0 SCe,999,3,Petrol,90,66,FALSE,FALSE,FALSE,Euro 6d,5W-30,4.2,SP,GF-6,NULL,"Renault RN0710","Castrol;TotalEnergies","Castrol EDGE 5W-30;Total Quartz 9000 Energy 5W-40","Naturally aspirated petrol",web:138
Automobile,Hyundai,Accent IV,HC,2017,2026,G4LC,1.4 T-GDI,1353,4,Petrol,140,103,TRUE,FALSE,FALSE,Euro 6,5W-30,4.0,SN,GF-5,NULL,"Hyundai;Kia","Shell;TotalEnergies;Castrol","Shell Helix Ultra 5W-30;Total Quartz 9000 Energy 5W-40","Turbo petrol;GDI",web:156
Automobile,Hyundai,Tucson II,TL,2015,2020,D4HA,1.7 CRDi,1685,4,Diesel,115,85,TRUE,FALSE,TRUE,Euro 6,5W-30,5.3,SN/CF,C3,NULL,"Hyundai;Kia","Shell;TotalEnergies","Shell Helix Ultra ECT 5W-30;Total Quartz Inoe ECS 5W-30","DPF compatible;Diesel",web:156
Automobile,Hyundai,Tucson III,NX4,2020,2026,G4FS,1.6 T-GDI,1598,4,Petrol,177,130,TRUE,FALSE,FALSE,Euro 6d,5W-30,5.5,SP,GF-6,NULL,"Hyundai;Kia","Shell;TotalEnergies;Motul","Shell Helix Ultra 5W-30;Total Quartz 9000 Energy 5W-40","Turbo petrol;GDI",web:156
Automobile,Hyundai,Grand i10,BA,2017,2026,G4LA,1.2 MPI,1248,4,Petrol,87,64,FALSE,FALSE,FALSE,Euro 5,5W-30,3.5,SN,GF-5,NULL,"Hyundai;Kia","Shell;TotalEnergies","Shell Helix Ultra 5W-30;Total Quartz 5000 10W-40","Naturally aspirated;Entry-level",web:156
Automobile,Kia,Picanto III,SA,2017,2026,G4LA,1.2 MPI,1248,4,Petrol,84,62,FALSE,FALSE,FALSE,Euro 5,5W-30,3.5,SN,GF-5,NULL,"Hyundai;Kia","Shell;TotalEnergies","Shell Helix Ultra 5W-30;Total Quartz 5000 10W-40","Best-selling in Tunisia",web:155
Automobile,Kia,Rio IV,YB,2017,2026,G4LC,1.4 T-GDI,1353,4,Petrol,140,103,TRUE,FALSE,FALSE,Euro 6,5W-30,4.0,SN,GF-5,NULL,"Hyundai;Kia","Shell;TotalEnergies;Castrol","Shell Helix Ultra 5W-30;Total Quartz 9000 Energy 5W-40","Turbo petrol;GDI",web:155
Automobile,Kia,Sportage IV,QL,2015,2020,D4HA,1.7 CRDi,1685,4,Diesel,115,85,TRUE,FALSE,TRUE,Euro 6,5W-30,5.3,SN/CF,C3,NULL,"Hyundai;Kia","Shell;TotalEnergies","Shell Helix Ultra ECT 5W-30;Total Quartz Inoe ECS 5W-30","DPF compatible;SUV",web:155
Automobile,Volkswagen,Golf VII,5G,2012,2020,CXCB,1.4 TSI,1395,4,Petrol,140,103,TRUE,FALSE,FALSE,Euro 6,5W-30,4.0,SN,C3,NULL,"VW 502.00;VW 504.00/507.00","Castrol;Shell;Motul;TotalEnergies","Castrol EDGE 5W-30;Shell Helix Ultra 5W-30","Turbo petrol;Direct injection",web:141
Automobile,Volkswagen,Polo VI,A0,2017,2026,DKJA,1.0 TSI,999,3,Petrol,110,81,TRUE,FALSE,FALSE,Euro 6d,5W-30,3.6,SP,C3,NULL,"VW 502.00;VW 504.00/507.00","Castrol;Shell;TotalEnergies","Castrol EDGE 5W-30;Shell Helix Ultra 5W-30","Turbo petrol;TSI",web:141
Automobile,Volkswagen,T-Roc,A1,2017,2026,DFGA,2.0 TDI,1968,4,Diesel,150,110,TRUE,FALSE,TRUE,Euro 6d,5W-30,5.0,SN/CF,C3,NULL,"VW 504.00/507.00","Castrol;Shell;Motul","Castrol EDGE Turbo Diesel 5W-40;Shell Helix Ultra ECT 5W-30","DPF compatible;SUV",web:141
Automobile,Seat,Ibiza VI,KJ,2017,2026,DKJA,1.0 TSI,999,3,Petrol,110,81,TRUE,FALSE,FALSE,Euro 6d,5W-30,3.6,SP,C3,NULL,"VW 502.00;VW 504.00/507.00","Castrol;Shell;TotalEnergies","Castrol EDGE 5W-30;Shell Helix Ultra 5W-30","VW Group;TSI",web:141
Automobile,Skoda,Fabia III,NJ,2014,2021,DGCA,1.0 TSI,999,3,Petrol,110,81,TRUE,FALSE,FALSE,Euro 6,5W-30,3.6,SN,C3,NULL,"VW 502.00;VW 504.00/507.00","Castrol;Shell;TotalEnergies","Castrol EDGE 5W-30;Shell Helix Ultra 5W-30","VW Group;TSI",web:141
Automobile,Skoda,Octavia III,5E,2013,2020,CRBC,2.0 TDI,1968,4,Diesel,150,110,TRUE,FALSE,TRUE,Euro 6,5W-30,4.3,SN/CF,C3,NULL,"VW 504.00/507.00","Castrol;Shell;Motul","Castrol EDGE Turbo Diesel 5W-40;Shell Helix Ultra ECT 5W-30","DPF compatible;TDI",web:141
Automobile,Audi,A3,8V,2012,2020,CXCB,1.4 TFSI,1395,4,Petrol,150,110,TRUE,FALSE,FALSE,Euro 6,5W-30,4.0,SN,C3,NULL,"VW 502.00;VW 504.00/507.00","Castrol;Shell;Motul","Castrol EDGE 5W-30;Shell Helix Ultra 5W-30","VW Group;TFSI",web:141
Automobile,Audi,A4,B9,2015,2024,DETA,2.0 TDI,1968,4,Diesel,150,110,TRUE,FALSE,TRUE,Euro 6,5W-30,5.0,SN/CF,C3,NULL,"VW 504.00/507.00","Castrol;Shell;Motul","Castrol EDGE Turbo Diesel 5W-40;Shell Helix Ultra ECT 5W-30","DPF compatible;Premium",web:141
Automobile,BMW,Series 3,F30,2011,2019,N47B20,2.0d,1995,4,Diesel,184,135,TRUE,FALSE,TRUE,Euro 6,5W-30,5.0,SN/CF,C3,NULL,"BMW Longlife-04","Castrol;Shell;Motul;TotalEnergies","Castrol EDGE 5W-40;Shell Helix Ultra 5W-40;Motul 8100 X-cess 5W-40","DPF compatible;BMW TwinPower",web:141
Automobile,BMW,Series 3,G20,2019,2026,B47B20,2.0d,1995,4,Diesel,190,140,TRUE,FALSE,TRUE,Euro 6d,5W-30,5.0,SN/CF,C3,NULL,"BMW Longlife-04","Castrol;Shell;Motul","Castrol EDGE 5W-40;Shell Helix Ultra 5W-40","DPF compatible;Latest generation",web:141
Automobile,BMW,Series 1,F20,2011,2019,B38A15,1.5i,1499,3,Petrol,136,100,TRUE,FALSE,FALSE,Euro 6,5W-30,4.25,SN,C3,NULL,"BMW Longlife-01;BMW Longlife-04","Castrol;Shell;Motul","Castrol EDGE 5W-30;Shell Helix Ultra 5W-30","Turbo petrol;BMW TwinPower",web:141
Automobile,Mercedes-Benz,A-Class,W177,2018,2026,OM608,1.5 CDI,1461,4,Diesel,116,85,TRUE,FALSE,TRUE,Euro 6d,5W-30,5.5,SN/CF,C3,NULL,"MB 229.51;MB 229.52","Shell;Motul;TotalEnergies;Castrol","Shell Helix Ultra ECT 5W-30;Motul Specific 229.52 5W-30","DPF compatible;Renault engine",web:141
Automobile,Mercedes-Benz,C-Class,W205,2014,2021,OM654,2.0d,1950,4,Diesel,150,110,TRUE,FALSE,TRUE,Euro 6,5W-30,5.5,SN/CF,C3,NULL,"MB 229.51;MB 229.52","Shell;Motul;Castrol","Shell Helix Ultra ECT 5W-30;Motul Specific 229.52 5W-30","DPF compatible;OM654 engine",web:141
Automobile,Mercedes-Benz,C-Class,W206,2021,2026,OM654,2.0d,1950,4,Diesel,200,147,TRUE,FALSE,TRUE,Euro 6d,5W-30,5.5,SN/CF,C3,NULL,"MB 229.52","Shell;Motul;TotalEnergies","Shell Helix Ultra ECT C5 5W-30;Motul Specific 229.52 5W-30","Latest generation;Hybrid compatible",web:141
Automobile,Toyota,Yaris III,XP13,2011,2020,1NR-FE,1.33 Dual VVT-i,1329,4,Petrol,101,74,FALSE,FALSE,FALSE,Euro 5,5W-30,3.6,SN,GF-5,NULL,"Toyota;Honda","Shell;TotalEnergies","Shell Helix Ultra 5W-30;Total Quartz 5000 10W-40","Naturally aspirated;Reliable",web:141
Automobile,Toyota,Corolla XI,E170,2013,2019,1ZR-FAE,1.6 Valvematic,1598,4,Petrol,132,97,FALSE,FALSE,FALSE,Euro 5,5W-30,4.2,SN,GF-5,NULL,"Toyota;Honda","Shell;TotalEnergies;Castrol","Shell Helix Ultra 5W-30;Total Quartz 9000 Energy 5W-40","Naturally aspirated;Popular",web:141
Automobile,Toyota,Hilux VIII,AN120,2015,2026,2GD-FTV,2.4 D-4D,2393,4,Diesel,150,110,TRUE,FALSE,TRUE,Euro 6,5W-30,7.0,SN/CF,C3,NULL,"Toyota;Isuzu","Shell;TotalEnergies","Shell Helix Ultra ECT 5W-30;Total Quartz Inoe ECS 5W-30","Pick-up;DPF compatible",web:141
Automobile,Ford,Fiesta VI,2017,2023,EcoBoost,1.0 EcoBoost,999,3,Petrol,125,92,TRUE,FALSE,FALSE,Euro 6,5W-30,3.8,SN,GF-5,NULL,"Ford WSS-M2C946-A/B1;Ford WSS-M2C950-A1","Castrol;Shell;TotalEnergies","Castrol MAGNATEC 5W-30;Shell Helix Ultra 5W-30","Turbo petrol;EcoBoost",web:141
Automobile,Ford,Focus III,2011,2018,Ti-VCT,1.6 Ti-VCT,1596,4,Petrol,125,92,FALSE,FALSE,FALSE,Euro 5,5W-30,4.1,SN,GF-5,NULL,"Ford WSS-M2C946-A/B1","Castrol;Shell;TotalEnergies","Castrol EDGE 5W-30;Shell Helix Ultra 5W-30","Naturally aspirated",web:141
Automobile,Opel,Corsa E,2014,2019,B14DT,1.3 CDTI,1248,4,Diesel,95,70,TRUE,FALSE,TRUE,Euro 6,5W-30,3.75,SN/CF,C3,NULL,"GM dexos2;Fiat 9.55535-S2","Shell;TotalEnergies;Motul","Shell Helix Ultra ECT 5W-30;Total Quartz Inoe ECS 5W-30","DPF compatible;Fiat engine",web:141
Automobile,Opel,Astra K,2015,2021,LE2,1.6 CDTI,1598,4,Diesel,136,100,TRUE,FALSE,TRUE,Euro 6,5W-30,4.0,SN/CF,C3,NULL,"GM dexos2;Fiat 9.55535-S2","Shell;TotalEnergies;Motul","Shell Helix Ultra ECT 5W-30;Total Quartz Inoe ECS 5W-30","DPF compatible",web:141
Automobile,Nissan,Qashqai II,J11,2014,2021,HR13DDT,1.3 DIG-T,1332,4,Petrol,140,103,TRUE,FALSE,FALSE,Euro 6,5W-30,4.3,SN,GF-5,NULL,"Nissan;Renault","Shell;TotalEnergies;Castrol","Shell Helix Ultra 5W-30;Total Quartz 9000 Energy 5W-40","Turbo petrol;Renault engine",web:141
Automobile,Nissan,X-Trail III,T32,2014,2021,M9R,1.7 dCi,1749,4,Diesel,150,110,TRUE,FALSE,TRUE,Euro 6,5W-30,5.5,SN/CF,C3,NULL,"Renault RN0720","Motul;TotalEnergies;Shell","Motul Specific RN0720 5W-30;Total Quartz Inoe RCP 5W-30","DPF compatible;Renault engine",web:141
Automobile,Suzuki,Celerio,2014,2026,K10B,1.0,998,3,Petrol,68,50,FALSE,FALSE,FALSE,Euro 5,5W-30,2.7,SN,GF-5,NULL,"Suzuki","Shell;TotalEnergies","Shell Helix Ultra 5W-30;Total Quartz 5000 10W-40","Entry-level;Popular in Tunisia",web:163
Automobile,Suzuki,Swift,2017,2026,K12M,1.2 Dualjet,1197,4,Petrol,91,66,FALSE,FALSE,FALSE,Euro 6,5W-30,3.2,SN,GF-5,NULL,"Suzuki","Shell;TotalEnergies","Shell Helix Ultra 5W-30;Total Quartz 5000 10W-40","Naturally aspirated;Compact",web:163
Automobile,Mitsubishi,Attrage,2017,2026,3A92,1.2 MIVEC,1198,3,Petrol,79,58,FALSE,FALSE,FALSE,Euro 5,5W-30,3.0,SN,GF-5,NULL,"Mitsubishi","Shell;TotalEnergies","Shell Helix Ultra 5W-30;Total Quartz 5000 10W-40","Entry-level sedan;Popular",web:163
Automobile,Mitsubishi,Pajero Sport,2015,2026,4N15,2.4 DI-D,2442,4,Diesel,181,133,TRUE,FALSE,TRUE,Euro 6,5W-30,7.0,SN/CF,C3,NULL,"Mitsubishi","Shell;TotalEnergies","Shell Helix Ultra ECT 5W-30;Total Quartz Inoe ECS 5W-30","SUV;DPF compatible",web:141
Automobile,Jeep,Wrangler IV,JL,2018,2026,VM41,2.2 MultiJet II,2143,4,Diesel,200,147,TRUE,FALSE,TRUE,Euro 6,5W-30,6.0,SN/CF,C3,NULL,"Fiat 9.55535-S2","Motul;TotalEnergies;Castrol","Motul 8100 X-cess 5W-40;Total Quartz Inoe ECS 5W-30","Off-road;DPF compatible",web:141
Automobile,Land Rover,Defender II,L663,2020,2026,D200,2.0d,1997,4,Diesel,200,147,TRUE,FALSE,TRUE,Euro 6d,5W-30,6.0,SN/CF,C3,NULL,"Jaguar Land Rover STJLR 03.5005","Shell;Castrol;Motul","Shell Helix Ultra ECT C5 5W-30;Motul Specific 229.52 5W-30","Premium SUV;DPF",web:141
Automobile,Porsche,Cayenne III,E3,2018,2026,EA897,3.0 V6 TDI,2967,6,Diesel,286,210,TRUE,FALSE,TRUE,Euro 6d,5W-30,8.0,SN/CF,C3,NULL,"Porsche C30;VW 504.00/507.00","Castrol;Shell;Motul","Castrol EDGE 5W-40 Euro Car;Shell Helix Ultra Professional AG 5W-30","Premium SUV;V6 diesel",web:141
Automobile,Volvo,XC60 II,2017,2026,D4,2.0d,1969,4,Diesel,190,140,TRUE,FALSE,TRUE,Euro 6d,5W-30,5.5,SN/CF,C3,NULL,"Volvo RBS0-2AE;MB 229.51;MB 229.52","Shell;Motul;Castrol","Shell Helix Ultra ECT C5 5W-30;Motul 8100 X-cess Gen2 0W-30","Premium SUV;DPF",web:141
Automobile,Tesla,Model 3,2019,2026,NA,Electric,NA,NA,Electric,283,211,FALSE,FALSE,FALSE,EV,NA,NA,NA,NA,NA,NA,NA,NA,NA,"Electric vehicle;No engine oil","NA","NA","EV;No lubricant required",web:141
Automobile,Citroën,C3,2016,2026,DV5FD,1.6 BlueHDi,1560,4,Diesel,120,88,TRUE,FALSE,TRUE,Euro 6,5W-30,3.75,SN/CF,C2,NULL,"PSA B71 2290; PSA B71 2297","Motul;TotalEnergies","Motul 8100 X-CLEAN+ 5W-30;Total Quartz Inoe ECS 5W-30","DPF compatible;PSA engines",web:138
Automobile,Citroën,C4,2018,2026,EB2ADTD,1.2 PureTech,1199,3,Petrol,130,96,TRUE,FALSE,FALSE,Euro 6d,5W-30,3.4,SP,GF-6,NULL,"PSA B71 2290; Stellantis 636150","TotalEnergies;Motul","Total Quartz Inoe RCP 5W-30;Motul 8100 X-cess 5W-40","Turbo petrol;GPF",web:138
Automobile,DS,DS 3,2019,2026,EB2ADTD,1.2 PureTech,1199,3,Petrol,130,96,TRUE,FALSE,FALSE,Euro 6d,5W-30,3.4,SP,GF-6,NULL,"PSA B71 2290; Stellantis 636150","TotalEnergies;Motul","Total Quartz Inoe RCP 5W-30;Motul 8100 X-cess 5W-40","Premium;Turbo petrol",web:138
Automobile,Renault,Captur,2013,2026,H4B,1.0 TCe,999,3,Petrol,100,74,TRUE,FALSE,FALSE,Euro 6d,5W-30,4.2,SP,GF-6,NULL,"Renault RN0710","Castrol;TotalEnergies","Castrol EDGE 5W-30;Total Quartz 9000 Energy 5W-40","SUV;Turbo petrol",web:138
Automobile,Renault,Mégane IV,2016,2024,K9K,1.5 dCi,1461,4,Diesel,110,81,TRUE,FALSE,TRUE,Euro 6,5W-30,4.5,SN/CF,C4,NULL,"Renault RN0720","Motul;TotalEnergies;Castrol","Motul Specific RN0720 5W-30;Total Quartz Inoe RCP 5W-30","DPF compatible;Popular",web:138
Automobile,Renault,Kadjar,2015,2022,M9R,1.7 dCi,1749,4,Diesel,150,110,TRUE,FALSE,TRUE,Euro 6,5W-30,5.5,SN/CF,C3,NULL,"Renault RN0720","Motul;TotalEnergies;Shell","Motul Specific RN0720 5W-30;Total Quartz Inoe RCP 5W-30","SUV;DPF compatible",web:138
Automobile,Fiat,500,312,2007,2020,199B1.000,1.2 8V,1242,4,Petrol,69,51,FALSE,FALSE,FALSE,Euro 5,5W-40,2.8,SN,A3/B4,NULL,"Fiat 9.55535-G1","Castrol;TotalEnergies;Shell","Castrol GTX 5W-40;Total Quartz 5000 10W-40","City car;Naturally aspirated",web:141
Automobile,Fiat,Egea,2016,2026,350B1.000,1.3 Multijet,1248,4,Diesel,95,70,TRUE,FALSE,TRUE,Euro 6,5W-30,3.1,SN/CF,C3,NULL,"Fiat 9.55535-S2","Castrol;TotalEnergies;Motul","Castrol EDGE Turbo Diesel 5W-40;Total Quartz Inoe ECS 5W-30","Sedan;DPF compatible",web:141
Automobile,Fiat,Tipo,2016,2026,199A8.000,1.4 16V,1368,4,Petrol,95,70,FALSE,FALSE,FALSE,Euro 5,5W-40,4.0,SN,A3/B4,NULL,"Fiat 9.55535-G1","Castrol;TotalEnergies;Shell","Castrol GTX 5W-40;Total Quartz 5000 10W-40","Hatchback;Naturally aspirated",web:141
Automobile,Isuzu,D-Max III,2020,2026,4JJ3-TCX,3.0 Ddi,2999,4,Diesel,190,140,TRUE,FALSE,TRUE,Euro 6,5W-30,8.0,SN/CF,C3,NULL,"Isuzu","Shell;TotalEnergies","Shell Helix Ultra ECT 5W-30;Total Quartz Inoe ECS 5W-30","Pick-up;Diesel",web:141
Moto,Yamaha,YZF-R125,2019,2026,NA,125cc,125,1,Petrol,15,11,FALSE,FALSE,FALSE,Euro 5,10W-40,1.0,NA,NA,MA2,NA,Shell;Motul;TotalEnergies,Shell Advance Ultra 4T 10W-40;Motul 5100 4T 10W-40,Sport motorcycle;4-stroke,web:141
Moto,Yamaha,MT-03,2016,2026,NA,321cc,321,2,Petrol,42,31,FALSE,FALSE,FALSE,Euro 5,10W-40,1.8,NA,NA,MA2,NA,Shell;Motul;TotalEnergies,Shell Advance Ultra 4T 10W-40;Motul 5100 4T 10W-40,Naked;4-stroke;Parallel twin,web:141
Moto,Honda,CB125R,2018,2026,NA,125cc,125,1,Petrol,15,11,FALSE,FALSE,FALSE,Euro 5,10W-30,1.0,NA,NA,MA2,NA,Shell;Motul;Castrol,Shell Advance Ultra 4T 10W-40;Motul 5100 4T 10W-40,Standard;4-stroke,web:141
Moto,Honda,CBR650R,2019,2026,NA,649cc,649,4,Petrol,95,70,FALSE,FALSE,FALSE,Euro 5,10W-30,3.2,NA,NA,MA2,NA,Shell;Motul;Castrol,Shell Advance Ultra 4T 10W-60;Motul 7100 4T 10W-50,Sport;4-stroke;Inline-four,web:141
Moto,Suzuki,GSX-S125,2017,2026,NA,125cc,125,1,Petrol,15,11,FALSE,FALSE,FALSE,Euro 5,10W-40,1.2,NA,NA,MA2,NA,Shell;Motul,Shell Advance Ultra 4T 10W-40;Motul 5100 4T 10W-40,Naked;4-stroke,web:141
Moto,Suzuki,GSX-R750,2017,2026,NA,750cc,750,4,Petrol,148,110,FALSE,FALSE,FALSE,Euro 5,10W-40,3.2,NA,NA,MA2,NA,Shell;Motul,Shell Advance Ultra 4T 10W-60;Motul 7100 4T 10W-50,Supersport;4-stroke,web:141
Moto,Kawasaki,Ninja 400,2018,2026,NA,399cc,399,2,Petrol,45,33,FALSE,FALSE,FALSE,Euro 5,10W-40,2.3,NA,NA,MA2,NA,Shell;Motul,Shell Advance Ultra 4T 10W-40;Motul 7100 4T 10W-50,Sport;4-stroke;Parallel twin,web:141
Moto,Kawasaki,Z900,2017,2026,NA,948cc,948,4,Petrol,125,92,FALSE,FALSE,FALSE,Euro 5,10W-40,3.5,NA,NA,MA2,NA,Shell;Motul,Shell Advance Ultra 4T 10W-60;Motul 7100 4T 10W-50,Naked;4-stroke;Inline-four,web:141
Moto,BMW Motorrad,F 750 GS,2018,2026,NA,853cc,853,2,Petrol,77,57,FALSE,FALSE,FALSE,Euro 5,15W-50,3.0,NA,NA,MA2,NA,BMW;Shell;Motul,BMW Motorrad Advantec 15W-50;Shell Advance Ultra 4T 10W-60,Adventure;4-stroke;Parallel twin,web:141
Moto,BMW Motorrad,S 1000 RR,2019,2026,NA,999cc,999,4,Petrol,207,152,FALSE,FALSE,FALSE,Euro 5,15W-50,4.0,NA,NA,MA2,NA,BMW;Shell;Motul,BMW Motorrad Advantec 15W-50;Shell Advance Ultra 4T 10W-60,Superbike;4-stroke;Inline-four,web:141
Moto,KTM,390 Duke,2017,2026,NA,373cc,373,1,Petrol,44,32,FALSE,FALSE,FALSE,Euro 5,15W-50,1.5,NA,NA,MA2,NA,Motul;Shell,Motul 7100 4T 10W-50;Shell Advance Ultra 4T 10W-60,Naked;4-stroke;Single cylinder,web:141
Moto,KTM,1290 Super Duke R,2020,2026,NA,1301cc,1301,2,Petrol,180,132,FALSE,FALSE,FALSE,Euro 5,15W-50,3.5,NA,NA,MA2,NA,Motul;Shell,Motul 7100 4T 10W-50;Shell Advance Ultra 4T 10W-60,Hyper naked;4-stroke;V-twin,web:141
Moto,Piaggio,Liberty 125,2016,2026,NA,125cc,125,1,Petrol,11,8,FALSE,FALSE,FALSE,Euro 5,10W-40,0.8,NA,NA,MA2,NA,Shell;Motul,Shell Advance Scooter 10W-40;Motul Scooter 10W-40,Scooter;4-stroke,web:141
Moto,Vespa,GTS 300,2018,2026,NA,278cc,278,1,Petrol,23,17,FALSE,FALSE,FALSE,Euro 5,10W-40,1.1,NA,NA,MA2,NA,Shell;Motul,Shell Advance Scooter 10W-40;Motul Scooter 10W-40,Scooter;4-stroke;Premium,web:141
Moto,Sym,Jet 14 125,2016,2026,NA,125cc,125,1,Petrol,11,8,FALSE,FALSE,FALSE,Euro 5,10W-40,0.8,NA,NA,MA2,NA,Shell;Motul,Shell Advance Scooter 10W-40;Motul Scooter 10W-40,Scooter;4-stroke;Budget,web:141
Moto,Kymco,Agility 125,2016,2026,NA,125cc,125,1,Petrol,11,8,FALSE,FALSE,FALSE,Euro 5,10W-40,0.8,NA,NA,MA2,NA,Shell;Motul,Shell Advance Scooter 10W-40;Motul Scooter 10W-40,Scooter;4-stroke;Budget,web:141
Moto,Peugeot Motocycles,Django 125,2016,2026,NA,125cc,125,1,Petrol,11,8,FALSE,FALSE,FALSE,Euro 5,10W-40,0.8,NA,NA,MA2,NA,Shell;Motul;TotalEnergies,Shell Advance Scooter 10W-40;Motul Scooter 10W-40,Scooter;Retro style;4-stroke,web:141
Poids Lourd,Mercedes-Benz,Actros IV,2019,2026,OM471,12.8L,12809,6,Diesel,510,375,TRUE,FALSE,TRUE,Euro 6d,5W-30,40.0,SN,NA,NA,"MB 228.51;MB 229.51","Shell;Motul;TotalEnergies","Shell Rimula R6 LME 10W-30;Motul Geo 5W-30","Heavy-duty truck;DPF;SCR;EGR",web:111
Poids Lourd,Mercedes-Benz,Atego,2017,2026,OM936,7.7L,7700,6,Diesel,326,240,TRUE,FALSE,TRUE,Euro 6,5W-30,28.0,SN,NA,NA,"MB 228.51;MB 229.51","Shell;Motul;TotalEnergies","Shell Rimula R6 LME 10W-30;Motul Geo 5W-30","Medium-duty truck;DPF compatible",web:111
Poids Lourd,MAN,TGX,2020,2026,D2676,12.4L,12419,6,Diesel,500,368,TRUE,FALSE,TRUE,Euro 6d,5W-30,38.0,SN,NA,NA,"MAN 3575;MAN M3275","Shell;TotalEnergies;Motul","Shell Rimula R6 LME 10W-30;TotalEnergies Rubia TIR 9900 FE 5W-30","Heavy-duty truck;DPF;SCR",web:111
Poids Lourd,Volvo Trucks,FH,2020,2026,D13K,12.8L,12777,6,Diesel,500,368,TRUE,FALSE,TRUE,Euro 6d,5W-30,42.0,SN,NA,NA,"Volvo VDS-4.5;Volvo VDS-4","Shell;Motul;TotalEnergies","Shell Rimula R6 LME 10W-30;Motul Geo 5W-30","Heavy-duty truck;DPF;EGR;SCR",web:111
Poids Lourd,Renault Trucks,T,2020,2026,DTI 11,10.8L,10800,6,Diesel,460,338,TRUE,FALSE,TRUE,Euro 6d,5W-30,36.0,SN,NA,NA,"Renault Trucks RLD-3;Renault Trucks RLD-2","Shell;TotalEnergies;Motul","Shell Rimula R6 LME 10W-30;TotalEnergies Rubia TIR 9900 FE 5W-30","Heavy-duty truck;DPF;SCR",web:111
Poids Lourd,Scania,R-Series,2019,2026,DC13,12.7L,12742,6,Diesel,500,368,TRUE,FALSE,TRUE,Euro 6d,5W-30,40.0,SN,NA,NA,"Scania LA;Scania LDF-4","Shell;Motul;TotalEnergies","Shell Rimula R6 LME 10W-30;TotalEnergies Rubia TIR 9900 FE 5W-30","Heavy-duty truck;DPF;EGR;SCR",web:111
Poids Lourd,Iveco,Stralis,2020,2026,FPT Cursor 11,11.1L,11120,6,Diesel,460,338,TRUE,FALSE,TRUE,Euro 6d,5W
