33288,h
33289,h
33292,h
33298,h
33300,h
33305,h
33306,h
33307,h
33308,h
33311,h
33313,h
33315,h
33318,h
34078,h
34081,h
34181,h
34183,h
34185,h
34187,h
34189,h
34191,h
34192,h
34196,h
34198,h
34199,h
34200,h
34202,h
34203,h
34204,h
34206,h
34207,h
34208,h
36344,h
36348,h
36349,h
36355,h
36356,h
44656,h
44667,h
44719,h
44728,h
44916,h
46775,h
46777,h
51177,h
56104,h
56336,h
57928,h
57932,h
57933,h
57966,h
57967,h
57968,h
58231,h
58236,h
59989,h
67503,h
69295,h
69324,h
69325,h
69331,h
69364,h
71994,h
71996,h
71998,h
72000,h
72001,h
72002,h
72003,h
72004,h
72005,h
72006,h
72007,h
72223,h
72244,h
78606,h
78607,h
78608,h
78609,h
81078,h
81079,h
81080,h
81081,h
87046,h
87829,h
87862,h
88942,h
88944,h
89817,h
89899,h
27417,h
27418,h
27421,h
27492,h
27498,h
27499,h
27500,h
27506,h
27508,h
27509,h
27516,h
27518,h
27523,h
27524,h
27527,h
27528,h
27531,h
27533,h
27535,h
27536,h
27537,h
27539,h
27542,h
27544,h
27545,h
27546,h
27547,h
27548,h
27549,h
27551,h
27554,h
27555,h
27556,h
27560,h
27568,h
27581,h
32284,h
32285,h
32286,h
32287,h
32298,h
32301,h
32302,h
32303,h
32304,h
32306,h
32310,h
32314,h
32318,h
32320,h
32322,h
32323,h
32324,h
32325,h
32327,h
32328,h
32329,h
32330,h
32331,h
32333,h
32337,h
32339,h
32341,h
32342,h
32343,h
32344,h
32345,h
32346,h
32348,h
32349,h
32353,h
32355,h
32356,h
32357,h
32358,h
32360,h
32361,h
32363,h
32364,h
32365,h
32366,h
32367,h
32369,h
32370,h
32371,h
32372,h
32373,h
32375,h
32376,h
32378,h
32386,h
32390,h
32391,h
32392,h
32394,h
32395,h
32396,h
32397,h
32399,h
32401,h
32402,h
32404,h
32405,h
32407,h
32408,h
32409,h
32410,h
32412,h
32414,h
32415,h
32417,h
32419,h
32421,h
32423,h
32425,h
32426,h
32429,h
32430,h
32431,h
32433,h
32434,h
32435,h
32436,h
32437,h
32438,h
32440,h
32442,h
32443,h
32444,h
32446,h
32449,h
32452,h
32453,h
32454,h
32455,h
32456,h
32457,h
32459,h
32460,h
32461,h
32463,h
32464,h
32465,h
32466,h
32467,h
32468,h
32469,h
32470,h
32472,h
32474,h
32475,h
32476,h
32477,h
32478,h
32479,h
32480,h
32483,h
32484,h
32485,h
32486,h
32487,h
32489,h
32490,h
32492,h
32493,h
32496,h
32498,h
32499,h
32500,h
32501,h
32504,h
32505,h
32507,h
32508,h
32509,h
32510,h
32511,h
32513,h
32514,h
32515,h
32516,h
32519,h
32520,h
32524,h
32525,h
32526,h
32528,h
32529,h
32530,h
32532,h
32533,h
32535,h
32414,h
32415,h
32417,h
32419,h
32421,h
32423,h
32425,h
32426,h
32429,h
32430,h
32431,h
32433,h
32434,h
32435,h
32436,h
32437,h
32438,h
32440,h
32442,h
32443,h
32444,h
32446,h
32449,h
32452,h
32453,h
32454,h
32455,h
32456,h
32457,h
32459,h
32460,h
32461,h
32463,h
32464,h
32465,h
32466,h
32467,h
32468,h
32469,h
32470,h
32472,h
32474,h
32475,h
32476,h
32477,h
32478,h
32479,h
32480,h
32483,h
32484,h
32485,h
32486,h
32487,h
32489,h
32490,h
32492,h
32493,h
32496,h
32498,h
32499,h
32500,h
32501,h
32504,h
32505,h
32507,h
32508,h
32509,h
32510,h
32511,h
32513,h
32514,h
32515,h
32516,h
32519,h
32520,h
32524,h
32525,h
32526,h
32528,h
32529,h
32530,h
32532,h
32533,h
32535,h
32536,h
32537,h
32539,h
32542,h
32543,h
32544,h
32545,h
32550,h
32555,h
32556,h
32557,h
33997,h
34211,h
34213,h
34215,h
34216,h
34218,h
34219,h
34220,h
34222,h
34226,h
34229,h
34231,h
34234,h
34235,h
34242,h
34243,h
34244,h
34246,h
34248,h
34254,h
34256,h
36353,h
36354,h
44839,h
50178,h
50179,h
50181,h
50299,h
50428,h
56030,h
56102,h
56105,h
56168,h
56569,h
57924,h
57925,h
57929,h
57934,h
57965,h
58748,h
59995,h
59996,h
59998,h
59999,h
60001,h
60002,h
60004,h
60005,h
60006,h
60007,h
60008,h
60009,h
64053,h
65708,h
65709,h
65710,h
71993,h
71995,h
71997,h
71999,h
73752,h
77108,h
77109,h
78604,h
78605,h
84332,h
84333,h
85043,h
85050,h
87551,h
87865,h
88037,h
1847,h
1849,h
2988,h
2989,h
2990,h
2992,h
2993,h
2995,h
2996,h
2998,h
2999,h
3002,h
3003,h
3004,h
3005,h
3006,h
3008,h
3010,h
3011,h
3015,h
3016,h
3018,h
3019,h
3020,h
3021,h
3022,h
3023,h
3026,h
3027,h
3028,h
3029,h
3030,h
3031,h
3033,h
3034,h
3035,h
3036,h
3038,h
3039,h
3040,h
3041,h
3042,h
3043,h
3045,h
3048,h
3050,h
3051,h
3052,h
3053,h
3054,h
3055,h
3093,h
3209,h
3210,h
3253,h
3254,h
3255,h
3256,h
3257,h
3368,h
3369,h
3370,h
3371,h
3372,h
3373,h
3374,h
3375,h
3377,h
3384,h
3385,h
3386,h
3387,h
3388,h
3389,h
3390,h
3391,h
3392,h
3394,h
3396,h
3398,h
3399,h
3402,h
3403,h
3404,h
3405,h
3406,h
3409,h
14577,h
14774,h
14939,h
15479,h
16968,h
17239,h
17307,h
17317,h
17342,h
17468,h
17537,h
17556,h
17561,h
17580,h
17588,h
17599,h
20133,h
20134,h
20135,h
20136,h
20137,h
20138,h
3031,h
3033,h
3034,h
3035,h
3036,h
3038,h
3039,h
3040,h
3041,h
3042,h
3043,h
3045,h
3048,h
3050,h
3051,h
3052,h
3053,h
3054,h
3055,h
3093,h
3209,h
3210,h
3253,h
3254,h
3255,h
3256,h
3257,h
3368,h
3369,h
3370,h
3371,h
3372,h
3373,h
3374,h
3375,h
3377,h
3384,h
3385,h
3386,h
3387,h
3388,h
3389,h
3390,h
3391,h
3392,h
3394,h
3396,h
3398,h
3399,h
3402,h
3403,h
3404,h
3405,h
3406,h
3409,h
14577,h
14774,h
14939,h
15479,h
16968,h
17239,h
17307,h
17317,h
17342,h
17468,h
17537,h
17556,h
17561,h
17580,h
17588,h
17599,h
20133,h
20134,h
20135,h
20136,h
20137,h
20138,h
20139,h
20141,h
20143,h
20144,h
20145,h
20146,h
20147,h
20148,h
20149,h
20150,h
20151,h
20152,h
20153,h
20154,h
20155,h
20156,h
20157,h
20158,h
20159,h
20160,h
20161,h
20162,h
20163,h
20164,h
20165,h
20166,h
20167,h
20168,h
20169,h
20170,h
20171,h
20172,h
20173,h
20174,h
20176,h
20178,h
20180,h
20181,h
20182,h
20183,h
20184,h
20185,h
20186,h
20187,h
20188,h
20189,h
20190,h
20191,h
20192,h
20193,h
20194,h
20195,h
20197,h
21934,h
21935,h
21936,h
21937,h
21938,h
21939,h
21941,h
22006,h
22066,h
22172,h
22173,h
22913,h
22914,h
22915,h
22916,h
22917,h
22921,h
22922,h
22923,h
22924,h
22925,h
22926,h
22927,h
22929,h
22930,h
23120,h
23122,h
23207,h
23208,h
23223,h
23861,h
23862,h
23863,h
23864,h
23865,h
23867,h
23868,h
23869,h
23871,h
23872,h
23873,h
24327,h
24459,h
24460,h
24461,h
24463,h
25176,h
26240,h
26426,h
34259,h
34261,h
34264,h
34268,h
34270,h
34271,h
34275,h
34276,h
34277,h
34278,h
34279,h
34282,h
34285,h
34288,h
34608,h
34609,h
34610,h
34612,h
34613,h
34614,h
34615,h
34616,h
34663,h
35879,h
35880,h
38194,h
38412,h
38413,h
38414,h
38415,h
39612,h
39991,h
39994,h
39995,h
39996,h
39997,h
39998,h
39999,h
40001,h
40002,h
40003,h
40004,h
40094,h
40096,h
40098,h
40099,h
40187,h
40257,h
42190,h
42191,h
42192,h
42193,h
46162,h
46174,h
46175,h
46176,h
46177,h
46178,h
46180,h
46182,h
46186,h
46187,h
46200,h
46201,h
46202,h
46203,h
46251,h
46277,h
46278,h
46279,h
46280,h
46282,h
46327,h
46329,h
46331,h
46742,h
46873,h
47902,h
48158,h
48159,h
48160,h
48178,h
48569,h
48574,h
48592,h
48593,h
48594,h
48595,h
48597,h
49478,h
51543,h
52209,h
52688,h
52690,h
53205,h
53970,h
53971,h
54818,h
54819,h
55368,h
55369,h
55370,h
34614,h
34615,h
34616,h
34663,h
35879,h
35880,h
38194,h
38412,h
38413,h
38414,h
38415,h
39612,h
39991,h
39994,h
39995,h
39996,h
39997,h
39998,h
39999,h
40001,h
40002,h
40003,h
40004,h
40094,h
40096,h
40098,h
40099,h
40187,h
40257,h
42190,h
42191,h
42192,h
42193,h
46162,h
46174,h
46175,h
46176,h
46177,h
46178,h
46180,h
46182,h
46186,h
46187,h
46200,h
46201,h
46202,h
46203,h
46251,h
46277,h
46278,h
46279,h
46280,h
46282,h
46327,h
46329,h
46331,h
46742,h
46873,h
47902,h
48158,h
48159,h
48160,h
48178,h
48569,h
48574,h
48592,h
48593,h
48594,h
48595,h
48597,h
49478,h
51543,h
52209,h
52688,h
52690,h
53205,h
53970,h
53971,h
54818,h
54819,h
55368,h
55369,h
55370,h
55372,h
55373,h
56775,h
57522,h
57523,h
57637,h
58035,h
58036,h
58037,h
58038,h
58161,h
58162,h
58166,h
58183,h
58184,h
58185,h
58190,h
58191,h
58195,h
58196,h
58197,h
58198,h
58199,h
58200,h
58201,h
58202,h
58206,h
58461,h
58972,h
58973,h
59604,h
59605,h
59608,h
59609,h
59628,h
59629,h
59630,h
59631,h
61671,h
61672,h
61673,h
61674,h
61675,h
61676,h
61677,h
61678,h
62244,h
63347,h
64410,h
64411,h
65334,h
65359,h
65837,h
65903,h
66556,h
67640,h
69599,h
69667,h
69976,h
69983,h
71395,h
71396,h
71397,h
71398,h
71399,h
71400,h
71401,h
71404,h
71405,h
71689,h
75516,h
76548,h
76549,h
76868,h
77047,h
77048,h
77049,h
77050,h
77051,h
77052,h
77053,h
77054,h
77055,h
77056,h
77057,h
77058,h
77059,h
77060,h
77061,h
77062,h
77063,h
77064,h
77065,h
77066,h
77067,h
77945,h
77946,h
77947,h
77948,h
77949,h
77950,h
77951,h
77953,h
77954,h
77955,h
77956,h
77957,h
77958,h
77959,h
77960,h
78287,h
78288,h
78289,h
78290,h
78291,h
78292,h
78293,h
78294,h
78295,h
78296,h
78297,h
78298,h
78299,h
80062,h
80431,h
80432,h
80433,h
80434,h
80435,h
80436,h
80440,h
80443,h
80444,h
80859,h
80918,h
80919,h
80920,h
80921,h
81621,h
81623,h
82362,h
82370,h
82374,h
82378,h
82379,h
82391,h
82496,h
82568,h
82571,h
82573,h
82574,h
82575,h
82584,h
82647,h
82649,h
83133,h
83134,h
83400,h
83434,h
84115,h
84229,h
84230,h
84231,h
85093,h
85317,h
85347,h
85348,h
86205,h
86207,h
86208,h
86209,h
86210,h
86211,h
86212,h
86213,h
86214,h
86215,h
86216,h
86218,h
86219,h
86220,h
86221,h
86222,h
86223,h
86224,h
86225,h
86226,h
86227,h
86228,h
86229,h
86230,h
86231,h
86232,h
86233,h
78291,h
78292,h
78293,h
78294,h
78295,h
78296,h
78297,h
78298,h
78299,h
80062,h
80431,h
80432,h
80433,h
80434,h
80435,h
80436,h
80440,h
80443,h
80444,h
80859,h
80918,h
80919,h
80920,h
80921,h
81621,h
81623,h
82362,h
82370,h
82374,h
82378,h
82379,h
82391,h
82496,h
82568,h
82571,h
82573,h
82574,h
82575,h
82584,h
82647,h
82649,h
83133,h
83134,h
83400,h
83434,h
84115,h
84229,h
84230,h
84231,h
85093,h
85317,h
85347,h
85348,h
86205,h
86207,h
86208,h
86209,h
86210,h
86211,h
86212,h
86213,h
86214,h
86215,h
86216,h
86218,h
86219,h
86220,h
86221,h
86222,h
86223,h
86224,h
86225,h
86226,h
86227,h
86228,h
86229,h
86230,h
86231,h
86232,h
86233,h
86234,h
86235,h
86236,h
86237,h
86238,h
86239,h
86240,h
86241,h
86242,h
86243,h
86246,h
86247,h
86248,h
86249,h
86250,h
86251,h
86252,h
86253,h
86254,h
86255,h
86256,h
86257,h
86258,h
86259,h
86260,h
86261,h
86262,h
86263,h
86264,h
86265,h
86266,h
86267,h
86268,h
86269,h
86270,h
86271,h
86272,h
86273,h
86274,h
86275,h
86276,h
86277,h
86278,h
86279,h
86280,h
86281,h
86282,h
86283,h
86284,h
86285,h
86286,h
86287,h
86288,h
86289,h
86290,h
86291,h
86293,h
86296,h
86298,h
86299,h
86300,h
86301,h
86302,h
86303,h
86304,h
86305,h
86306,h
86307,h
86308,h
86309,h
86310,h
86311,h
86312,h
86313,h
86314,h
86315,h
86316,h
86317,h
86318,h
86319,h
86320,h
86321,h
86342,h
86343,h
86344,h
86345,h
86346,h
86347,h
86348,h
86349,h
86350,h
86351,h
86352,h
86353,h
86354,h
86355,h
86363,h
86365,h
86369,h
86371,h
86372,h
86635,h
86636,h
86637,h
86638,h
86639,h
86640,h
86641,h
87632,h
87808,h
87929,h
88717,h
88774,h
88780,h
88914,h
88915,h
88916,h
88917,h
88918,h
88919,h
88920,h
88921,h
88922,h
88923,h
88924,h
88925,h
88936,h
88937,h
88945,h
88946,h
88947,h
88948,h
88955,h
89042,h
89056,h
89094,h
89095,h
89096,h
89097,h
89098,h
89099,h
89100,h
89101,h
89102,h
89158,h
89159,h
89161,h
89178,h
89181,h
89185,h
89927,h
89928,h
89929,h
89930,h
89931,h
89932,h
89933,h
89934,h
90105,h
90330,h
1325,h
1326,h
1327,h
1328,h
1329,h
1330,h
1331,h
1332,h
1335,h
1336,h
1337,h
1338,h
3805,h
3806,h
3807,h
3808,h
3810,h
3811,h
3812,h
3813,h
3814,h
3816,h
3817,h
3818,h
3819,h
3820,h
3821,h
3822,h
3823,h
88919,h
88920,h
88921,h
88922,h
88923,h
88924,h
88925,h
88936,h
88937,h
88945,h
88946,h
88947,h
88948,h
88955,h
89042,h
89056,h
89094,h
89095,h
89096,h
89097,h
89098,h
89099,h
89100,h
89101,h
89102,h
89158,h
89159,h
89161,h
89178,h
89181,h
89185,h
89927,h
89928,h
89929,h
89930,h
89931,h
89932,h
89933,h
89934,h
90105,h
90330,h
1325,h
1326,h
1327,h
1328,h
1329,h
1330,h
1331,h
1332,h
1335,h
1336,h
1337,h
1338,h
3805,h
3806,h
3807,h
3808,h
3810,h
3811,h
3812,h
3813,h
3814,h
3816,h
3817,h
3818,h
3819,h
3820,h
3821,h
3822,h
3823,h
3824,h
3825,h
3826,h
3827,h
3829,h
3830,h
3831,h
3833,h
3834,h
3835,h
3836,h
3837,h
3838,h
3839,h
3840,h
3841,h
3842,h
3844,h
3845,h
3846,h
3847,h
3848,h
3849,h
3850,h
3852,h
3853,h
3854,h
3855,h
3856,h
3857,h
3858,h
3859,h
3860,h
3861,h
3862,h
3863,h
3864,h
3865,h
3866,h
3867,h
3868,h
3869,h
3870,h
3871,h
3872,h
3873,h
3875,h
3876,h
3877,h
3878,h
3879,h
3880,h
3882,h
3883,h
3884,h
3885,h
3886,h
3888,h
3890,h
3891,h
3892,h
3893,h
3894,h
3895,h
3896,h
3897,h
3899,h
3900,h
3901,h
3902,h
3903,h
10018,h
17780,h
17781,h
17782,h
17783,h
17784,h
17785,h
18425,h
18426,h
18428,h
18429,h
18431,h
18432,h
18433,h
18434,h
18435,h
18436,h
18437,h
18438,h
18439,h
18440,h
18441,h
18443,h
18444,h
18445,h
18446,h
18447,h
18448,h
18449,h
18450,h
18451,h
18452,h
18453,h
18454,h
18455,h
18456,h
18457,h
18458,h
18459,h
18461,h
18462,h
18463,h
18464,h
18465,h
18466,h
18467,h
18468,h
18469,h
18470,h
18471,h
18473,h
18657,h
18658,h
18660,h
18661,h
18662,h
18663,h
18664,h
18665,h
18667,h
18668,h
18669,h
18670,h
18671,h
18672,h
18673,h
18674,h
18675,h
18676,h
18677,h
18678,h
18679,h
18680,h
18682,h
18683,h
18684,h
18685,h
18686,h
18687,h
18688,h
18689,h
18690,h
18691,h
18692,h
18693,h
18695,h
22352,h
22353,h
22354,h
22355,h
22357,h
22358,h
22359,h
22360,h
22361,h
22362,h
22363,h
22364,h
22365,h
22366,h
22367,h
22368,h
22369,h
22370,h
22371,h
22372,h
23337,h
23338,h
23339,h
23340,h
23342,h
23343,h
23344,h
23345,h
18667,h
18668,h
18669,h
18670,h
18671,h
18672,h
18673,h
18674,h
18675,h
18676,h
18677,h
18678,h
18679,h
18680,h
18682,h
18683,h
18684,h
18685,h
18686,h
18687,h
18688,h
18689,h
18690,h
18691,h
18692,h
18693,h
18695,h
22352,h
22353,h
22354,h
22355,h
22357,h
22358,h
22359,h
22360,h
22361,h
22362,h
22363,h
22364,h
22365,h
22366,h
22367,h
22368,h
22369,h
22370,h
22371,h
22372,h
23337,h
23338,h
23339,h
23340,h
23342,h
23343,h
23344,h
23345,h
23553,h
23554,h
23555,h
23557,h
23598,h
23600,h
23602,h
23603,h
23604,h
23605,h
23606,h
24270,h
24271,h
24272,h
24277,h
24278,h
24280,h
24409,h
26185,h
26186,h
26187,h
26188,h
26189,h
26318,h
26319,h
34751,h
34752,h
34753,h
34755,h
34756,h
34757,h
34758,h
34759,h
34761,h
35562,h
35563,h
35749,h
36600,h
36605,h
36607,h
36608,h
36609,h
36624,h
36626,h
36629,h
36637,h
36711,h
36712,h
36713,h
36719,h
38221,h
39399,h
40333,h
40334,h
40335,h
42592,h
42593,h
42594,h
42596,h
42597,h
42599,h
42600,h
42601,h
42602,h
44329,h
44330,h
44331,h
44332,h
44333,h
44339,h
44342,h
44344,h
44345,h
44358,h
44378,h
44393,h
44394,h
44401,h
44403,h
44405,h
44554,h
44558,h
44659,h
45045,h
45046,h
45047,h
45048,h
45049,h
45050,h
45051,h
45052,h
46842,h
46862,h
46963,h
46966,h
46970,h
47231,h
47232,h
47233,h
47301,h
47450,h
47451,h
47452,h
47497,h
47512,h
47604,h
47751,h
47914,h
47949,h
48285,h
48286,h
48287,h
48799,h
49379,h
49471,h
49811,h
49812,h
50067,h
50135,h
50136,h
50138,h
50139,h
50140,h
50141,h
50142,h
50147,h
50148,h
50149,h
50151,h
50152,h
50153,h
50155,h
50156,h
50157,h
50158,h
50175,h
50350,h
51235,h
51313,h
51448,h
51873,h
51875,h
51876,h
51877,h
51878,h
51879,h
51880,h
52435,h
52436,h
52438,h
52439,h
52440,h
52550,h
52554,h
52563,h
52870,h
52871,h
52872,h
52873,h
52874,h
52875,h
52876,h
52877,h
53018,h
53030,h
53287,h
53289,h
53292,h
54255,h
54317,h
54585,h
54586,h
56035,h
56152,h
56350,h
57015,h
57016,h
57018,h
57019,h
57021,h
57022,h
57023,h
57024,h
57025,h
57026,h
57027,h
57028,h
57029,h
57030,h
57031,h
57032,h
57033,h
57034,h
57035,h
57037,h
57038,h
57039,h
57040,h
57297,h
57298,h
57299,h
57301,h
57302,h
57303,h
57304,h
57385,h
57386,h
57597,h
57621,h
57706,h
52563,h
52436,h
52435,h
52440,h
52438,h
52439,h
52875,h
52874,h
52873,h
52554,h
52872,h
52870,h
51880,h
52871,h
51879,h
52550,h
52877,h
53030,h
52876,h
53289,h
53018,h
54317,h
54255,h
54586,h
56035,h
53287,h
57016,h
56350,h
57018,h
54585,h
53292,h
56152,h
57015,h
57019,h
57022,h
57023,h
57024,h
57026,h
57021,h
57028,h
57025,h
57031,h
57027,h
57029,h
57030,h
57032,h
57035,h
57037,h
57033,h
57038,h
57034,h
57039,h
57040,h
57302,h
57298,h
57301,h
57297,h
57303,h
57304,h
57299,h
57621,h
57385,h
57597,h
57386,h
57709,h
57706,h
57715,h
57716,h
57771,h
57711,h
57710,h
57720,h
58510,h
58400,h
58641,h
57806,h
59076,h
59080,h
59074,h
58655,h
59079,h
59077,h
58646,h
59323,h
59075,h
59328,h
59326,h
59329,h
59325,h
59327,h
59332,h
59461,h
59462,h
59331,h
59463,h
59464,h
59468,h
59469,h
59465,h
59473,h
59470,h
59471,h
59466,h
59474,h
59475,h
59477,h
59476,h
59520,h
59501,h
59525,h
59528,h
59508,h
62413,h
59526,h
59503,h
59513,h
60035,h
62414,h
59529,h
62415,h
62654,h
62416,h
62740,h
63017,h
62653,h
62741,h
63373,h
63462,h
63103,h
62678,h
63925,h
63560,h
63924,h
63246,h
65512,h
65513,h
65747,h
65694,h
63926,h
67190,h
67534,h
67181,h
67188,h
65809,h
65748,h
68055,h
68061,h
67536,h
68064,h
68086,h
68087,h
67535,h
68062,h
68136,h
68164,h
68163,h
68188,h
68140,h
68191,h
68252,h
68160,h
68251,h
68255,h
68202,h
68201,h
68288,h
68304,h
68247,h
68315,h
68256,h
68327,h
68314,h
68326,h
68328,h
68346,h
68359,h
68357,h
68390,h
68358,h
68340,h
68410,h
73670,h
68354,h
72129,h
68418,h
72063,h
74039,h
72240,h
74040,h
77094,h
77096,h
77254,h
76597,h
77253,h
74319,h
77093,h
77256,h
77255,h
77257,h
77260,h
77269,h
77272,h
77274,h
77267,h
77273,h
77262,h
77259,h
77268,h
77265,h
77266,h
77263,h
77264,h
77261,h
77258,h
77271,h
77277,h
77276,h
77278,h
77279,h
77284,h
77283,h
77275,h
77286,h
77290,h
77288,h
77280,h
77282,h
77281,h
77289,h
77285,h
77287,h
77291,h
77294,h
77295,h
77300,h
77297,h
77298,h
77292,h
77306,h
77299,h
77404,h
77296,h
77422,h
77293,h
77405,h
77403,h
77402,h
77423,h
77425,h
77424,h
77428,h
77430,h
77426,h
77577,h
77431,h
77427,h
77756,h
77429,h
77576,h
77757,h
77758,h
77762,h
77759,h
77827,h
77828,h
77760,h
77761,h
77830,h
77826,h
77831,h
77835,h
77834,h
77832,h
77833,h
77836,h
77841,h
77837,h
77843,h
77846,h
77842,h
77839,h
77844,h
77840,h
77847,h
78193,h
78194,h
78192,h
77845,h
78198,h
78197,h
78195,h
78196,h
78200,h
79571,h
78199,h
79061,h
82550,h
79570,h
82541,h
78959,h
82560,h
82815,h
81071,h
82818,h
82891,h
83194,h
83198,h
82819,h
82933,h
84274,h
83199,h
83333,h
84275,h
85185,h
84802,h
83200,h
85192,h
85190,h
85188,h
85184,h
85193,h
85189,h
85191,h
85284,h
85835,h
85198,h
85834,h
86181,h
85197,h
85194,h
85837,h
85832,h
86482,h
85195,h
87041,h
87477,h
86651,h
87667,h
87045,h
86481,h
87924,h
87766,h
89366,h
89264,h
89241,h
87876,h
89367,h
89370,h
89331,h
89271,h
87925,h
89368,h
89371,h
89369,h
89372,h
89375,h
89420,h
89374,h
89376,h
89426,h
89378,h
89377,h
89373,h
89424,h
89425,h
89421,h
89423,h
89428,h
89422,h
89427,h
89429,h
89453,h
89430,h
89431,h
89461,h
89464,h
89458,h
89457,h
89432,h
89466,h
90077,h
89452,h
1285,h
1286,h
90075,h
89468,h
1287,h
1295,h
1288,h
1292,h
1289,h
1291,h
1297,h
1296,h
1290,h
1299,h
1300,h
1302,h
3912,h
3908,h
3914,h
3911,h
3913,h
1306,h
3910,h
3905,h
3907,h
1301,h
3915,h
3906,h
3904,h
3909,h
3924,h
3923,h
3920,h
3925,h
3926,h
3917,h
3919,h
3930,h
3929,h
3921,h
3933,h
3935,h
3932,h
3928,h
3927,h
3931,h
3945,h
3940,h
3948,h
3943,h
3944,h
3951,h
3939,h
3942,h
3938,h
3947,h
3949,h
3952,h
3953,h
3955,h
3954,h
3956,h
3958,h
3957,h
3961,h
3964,h
3963,h
3966,h
3959,h
3971,h
3968,h
3970,h
3967,h
3969,h
3979,h
3975,h
3980,h
3972,h
3976,h
3973,h
3981,h
3974,h
3982,h
3986,h
3987,h
3984,h
3983,h
3988,h
3992,h
3989,h
3985,h
3991,h
3990,h
3993,h
3994,h
3998,h
3997,h
3996,h
4000,h
3995,h
4003,h
4001,h
4002,h
4006,h
3999,h
4005,h
4007,h
4011,h
4008,h
4004,h
4012,h
4009,h
4017,h
4013,h
4016,h
4021,h
4020,h
4019,h
4022,h
4027,h
4023,h
4025,h
4032,h
4028,h
4026,h
4029,h
4031,h
4038,h
4037,h
4035,h
4036,h
4040,h
4033,h
4039,h
4047,h
4041,h
4046,h
4048,h
4051,h
4042,h
4055,h
4052,h
4050,h
4053,h
4056,h
4057,h
4061,h
4060,h
4062,h
4063,h
4059,h
4068,h
4064,h
4065,h
4067,h
4066,h
4071,h
4069,h
4070,h
4074,h
4076,h
4072,h
4077,h
4082,h
4083,h
4079,h
13613,h
17766,h
4075,h
17767,h
4084,h
4080,h
17768,h
17770,h
17769,h
17771,h
17775,h
17773,h
17772,h
18843,h
18842,h
18844,h
18845,h
17776,h
18847,h
18848,h
18846,h
18849,h
18851,h
18850,h
18852,h
18855,h
18854,h
18860,h
18859,h
18862,h
18853,h
18857,h
18856,h
18864,h
18858,h
18866,h
18865,h
18863,h
18869,h
18868,h
18867,h
18872,h
18870,h
18884,h
18883,h
18881,h
18885,h
18877,h
18875,h
18874,h
18888,h
18878,h
18889,h
18886,h
18882,h
18876,h
18873,h
18879,h
18890,h
18898,h
18893,h
18892,h
18894,h
18900,h
18903,h
18895,h
18897,h
18899,h
18891,h
18901,h
18904,h
18902,h
18906,h
18905,h
18907,h
18908,h
18911,h
18912,h
18913,h
18915,h
18910,h
18909,h
18917,h
18919,h
18914,h
18918,h
18916,h
18920,h
18921,h
18922,h
18924,h
18925,h
18923,h
18926,h
18932,h
18928,h
18930,h
18933,h
18927,h
18929,h
18931,h
18938,h
18939,h
18936,h
18934,h
18935,h
18943,h
18944,h
18940,h
18942,h
18945,h
18948,h
18953,h
18957,h
18946,h
18958,h
18949,h
18951,h
18960,h
18950,h
18954,h
18959,h
18962,h
18964,h
18963,h
18965,h
18961,h
18967,h
18969,h
18966,h
18974,h
18972,h
18968,h
18971,h
18970,h
18975,h
18976,h
18980,h
18981,h
18977,h
18982,h
18978,h
18979,h
18987,h
18986,h
18988,h
18983,h
18984,h
18990,h
18989,h
18992,h
18991,h
18994,h
18993,h
18996,h
18998,h
18995,h
18997,h
21487,h
21484,h
21486,h
21485,h
21488,h
21490,h
21489,h
21492,h
21491,h
21498,h
21493,h
21494,h
21497,h
21500,h
21502,h
21501,h
21499,h
21509,h
21507,h
21508,h
21503,h
21506,h
21504,h
21505,h
21515,h
21511,h
21512,h
21513,h
22375,h
22383,h
22384,h
22376,h
22373,h
22381,h
22382,h
22386,h
22387,h
22377,h
22388,h
22380,h
22389,h
22390,h
22391,h
22394,h
22395,h
22393,h
22401,h
22392,h
22398,h
22399,h
22396,h
22400,h
22405,h
22397,h
22403,h
22409,h
22407,h
22402,h
22411,h
22410,h
22406,h
22412,h
22420,h
22416,h
22417,h
23349,h
22413,h
22414,h
22421,h
22415,h
22419,h
23353,h
23354,h
23351,h
23352,h
23356,h
23357,h
23358,h
23359,h
23361,h
23362,h
23363,h
23365,h
23368,h
23550,h
23548,h
23653,h
23549,h
23369,h
23656,h
23366,h
23373,h
23654,h
23371,h
23372,h
23651,h
23374,h
23367,h
23652,h
23660,h
23665,h
23666,h
23667,h
23659,h
23657,h
23661,h
23670,h
23662,h
23664,h
23658,h
23669,h
23673,h
23674,h
23675,h
23676,h
23678,h
23677,h
24295,h
24298,h
24300,h
24301,h
24302,h
23679,h
24297,h
24299,h
24296,h
26195,h
26194,h
26192,h
26197,h
26198,h
26196,h
26322,h
26324,h
26427,h
26329,h
26327,h
34768,h
34765,h
27824,h
34762,h
34770,h
34769,h
34774,h
34780,h
34775,h
34771,h
34776,h
34779,h
35765,h
34773,h
35763,h
34778,h
35764,h
35769,h
35766,h
35771,h
35768,h
35772,h
35770,h
35773,h
35775,h
35776,h
35778,h
35780,h
35783,h
35774,h
35779,h
35782,h
35781,h
35784,h
36640,h
36622,h
36639,h
36621,h
36641,h
36650,h
36651,h
36656,h
36657,h
36669,h
36649,h
36652,h
23549,h
23368,h
23548,h
23372,h
23653,h
23652,h
23374,h
23656,h
23550,h
23654,h
23371,h
23366,h
23369,h
23367,h
23651,h
23373,h
23657,h
23659,h
23667,h
23660,h
23669,h
23661,h
23658,h
23665,h
23664,h
23662,h
23670,h
23676,h
23666,h
23675,h
23673,h
23677,h
23678,h
24295,h
23679,h
24299,h
24301,h
24302,h
24296,h
26195,h
26192,h
26196,h
26197,h
26322,h
26324,h
26329,h
26427,h
34768,h
26327,h
27824,h
34770,h
34776,h
34774,h
34765,h
34769,h
34778,h
34779,h
35763,h
35765,h
35772,h
35771,h
35776,h
35775,h
35784,h
35779,h
35782,h
36649,h
36622,h
36653,h
36665,h
36660,h
36670,h
36671,h
36679,h
36680,h
36684,h
36683,h
37665,h
36682,h
37666,h
36695,h
36690,h
36687,h
37667,h
37668,h
36696,h
37669,h
38224,h
38222,h
38230,h
38991,h
38227,h
38226,h
40340,h
40342,h
40344,h
40348,h
41965,h
41827,h
41806,h
42607,h
41797,h
42606,h
42603,h
44322,h
42612,h
44338,h
44328,h
44337,h
44379,h
44373,h
44365,h
44372,h
44380,h
44392,h
44415,h
44419,h
44414,h
44406,h
45035,h
45033,h
44562,h
45036,h
36652,h
36656,h
36653,h
36660,h
36671,h
36683,h
36682,h
36680,h
36692,h
36695,h
37665,h
38224,h
38226,h
38227,h
38230,h
38991,h
40343,h
40340,h
40341,h
40345,h
40342,h
40351,h
40344,h
40347,h
40350,h
41965,h
42604,h
42606,h
42607,h
41827,h
42612,h
42608,h
44327,h
44328,h
44326,h
44372,h
44375,h
44379,h
44376,h
44338,h
44402,h
44392,h
44406,h
44387,h
44414,h
44415,h
45034,h
45035,h
44561,h
47021,h
46969,h
47023,h
46867,h
47190,h
46883,h
47024,h
47396,h
47395,h
47855,h
48288,h
47842,h
48289,h
48462,h
48290,h
48803,h
48805,h
49090,h
49370,h
49330,h
49385,h
50071,h
50069,h
50072,h
50074,h
50076,h
50079,h
50084,h
50087,h
50089,h
50085,h
50088,h
50090,h
50091,h
50098,h
50086,h
50093,h
50095,h
50096,h
50100,h
50107,h
50103,h
50173,h
50349,h
50339,h
50341,h
47190,h
46969,h
47323,h
46967,h
46900,h
47024,h
47396,h
47521,h
47583,h
47395,h
48289,h
48293,h
48292,h
48802,h
48294,h
48801,h
48808,h
48807,h
49370,h
49356,h
49330,h
50070,h
49632,h
50077,h
50084,h
50087,h
50088,h
50086,h
50085,h
50089,h
50094,h
50099,h
50090,h
50100,h
50104,h
50106,h
50341,h
50103,h
50174,h
50338,h
50545,h
50539,h
50550,h
50547,h
50655,h
50541,h
51312,h
51821,h
51817,h
51475,h
51819,h
51822,h
51828,h
51831,h
51826,h
51832,h
51841,h
51844,h
51843,h
51839,h
51833,h
52445,h
52878,h
52553,h
52880,h
52887,h
52889,h
52890,h
52900,h
52897,h
53094,h
53811,h
52894,h
54270,h
55248,h
56147,h
57042,h
57044,h
57222,h
57296,h
57293,h
57295,h
57355,h
57358,h
50542,h
50546,h
50547,h
50545,h
50548,h
50550,h
50655,h
50657,h
51312,h
51819,h
51820,h
51825,h
51475,h
51827,h
51824,h
51829,h
51831,h
51832,h
51842,h
51839,h
51828,h
51836,h
51843,h
51844,h
52441,h
52442,h
52443,h
52446,h
52444,h
52449,h
52448,h
52445,h
52881,h
52882,h
52883,h
52884,h
52897,h
52900,h
52898,h
53094,h
55248,h
57041,h
56148,h
57043,h
56149,h
57045,h
57295,h
57293,h
57344,h
57687,h
57614,h
57461,h
57595,h
57498,h
57627,h
58109,h
58506,h
58515,h
58552,h
58559,h
58565,h
58560,h
58537,h
59309,h
59082,h
58575,h
59305,h
59306,h
59311,h
59314,h
59315,h
59313,h
59423,h
59421,h
59427,h
59431,h
59434,h
59429,h
59426,h
59438,h
59435,h
59436,h
59439,h
59515,h
59506,h
59511,h
59441,h
62419,h
62420,h
59522,h
62422,h
62738,h
62756,h
62778,h
63148,h
63128,h
62855,h
63297,h
63446,h
63285,h
58412,h
57461,h
57627,h
57725,h
57714,h
57614,h
58506,h
58418,h
58552,h
58537,h
58566,h
59305,h
59308,h
58575,h
59310,h
59397,h
59313,h
59311,h
59306,h
59418,h
59423,h
59420,h
59425,h
59422,h
59427,h
59432,h
59426,h
59431,h
59442,h
59436,h
59511,h
59439,h
62420,h
59506,h
59438,h
62422,h
62778,h
62421,h
63235,h
63118,h
63148,h
63272,h
65732,h
65740,h
65739,h
65736,h
67119,h
67840,h
66704,h
68037,h
67841,h
68063,h
68089,h
68048,h
68093,h
68180,h
68167,h
68258,h
68291,h
68234,h
68307,h
68317,h
68293,h
68363,h
68372,h
68348,h
68369,h
68377,h
72052,h
71968,h
72051,h
72046,h
74335,h
74118,h
77071,h
76702,h
76703,h
76921,h
77073,h
77150,h
77147,h
77144,h
77146,h
77151,h
77152,h
77160,h
77157,h
77158,h
65734,h
65823,h
65736,h
65821,h
67841,h
68038,h
68035,h
68048,h
68081,h
68063,h
68099,h
68137,h
68166,h
68165,h
68167,h
68267,h
68263,h
68262,h
68343,h
68307,h
68353,h
68361,h
68363,h
68317,h
68369,h
68372,h
69436,h
68397,h
71968,h
72052,h
71730,h
72046,h
74118,h
75834,h
76701,h
76705,h
76702,h
77143,h
77147,h
77073,h
77144,h
77146,h
77150,h
77152,h
77154,h
77156,h
77160,h
77167,h
77173,h
77163,h
77169,h
77170,h
77164,h
77161,h
77182,h
77180,h
77183,h
77179,h
77186,h
77184,h
77187,h
77192,h
77197,h
77202,h
77201,h
77200,h
77199,h
77207,h
77303,h
77211,h
77301,h
77393,h
77408,h
77395,h
77410,h
77415,h
77413,h
77416,h
77436,h
77409,h
77412,h
77414,h
77434,h
77433,h
77744,h
77849,h
77850,h
77746,h
77855,h
77745,h
77852,h
77861,h
77866,h
77862,h
77867,h
77869,h
77174,h
77162,h
77170,h
77178,h
77185,h
77177,h
77179,h
77184,h
77182,h
77183,h
77191,h
77198,h
77194,h
77196,h
77199,h
77203,h
77206,h
77205,h
77210,h
77303,h
77396,h
77302,h
77412,h
77397,h
77408,h
77433,h
77409,h
77742,h
77850,h
77852,h
77851,h
77854,h
77860,h
77864,h
77867,h
77871,h
77870,h
77873,h
78201,h
77881,h
77878,h
77880,h
78204,h
78202,h
78208,h
78210,h
78213,h
78214,h
78217,h
78219,h
78223,h
78229,h
78228,h
78225,h
78235,h
79031,h
78231,h
80166,h
79088,h
79587,h
80164,h
80326,h
82552,h
80165,h
82486,h
82554,h
82564,h
82773,h
82775,h
84148,h
84327,h
84328,h
85034,h
85152,h
85159,h
85154,h
85155,h
85163,h
85166,h
85275,h
85272,h
77872,h
77869,h
77870,h
77876,h
78201,h
77881,h
78206,h
78204,h
78207,h
78210,h
78215,h
78211,h
78213,h
78218,h
78216,h
78222,h
78226,h
78224,h
78231,h
78229,h
78235,h
80164,h
78233,h
80168,h
82488,h
80167,h
82552,h
80326,h
82489,h
82774,h
80325,h
82554,h
80165,h
82775,h
82549,h
82564,h
82773,h
83309,h
83460,h
84327,h
84148,h
84401,h
84806,h
84400,h
84805,h
85155,h
85160,h
85154,h
85272,h
85165,h
85164,h
85273,h
85274,h
86053,h
85983,h
85985,h
85980,h
86132,h
87549,h
87547,h
87478,h
87546,h
87921,h
88561,h
89011,h
89060,h
89061,h
89333,h
89364,h
89270,h
89401,h
89403,h
89411,h
89414,h
89402,h
89410,h
89406,h
89433,h
89415,h
89416,h
89412,h
89418,h
89419,h
89434,h
89438,h
89435,h
89437,h
89441,h
89446,h
89442,h
89463,h
89449,h
89462,h
89459,h
89804,h
90310,h
86131,h
85980,h
85987,h
85982,h
85557,h
85981,h
85979,h
85276,h
87478,h
86649,h
87546,h
87548,h
88795,h
89060,h
87547,h
89237,h
89238,h
88793,h
89270,h
89363,h
89401,h
89398,h
89333,h
89399,h
89409,h
89413,h
89408,h
89415,h
89434,h
89436,h
89439,h
89433,h
89441,h
89447,h
89446,h
89463,h
89442,h
89462,h
89800,h
90072,h
90056,h
90072,h
90079,h
1318,h
4087,h
4092,h
4091,h
4088,h
4089,h
4098,h
4109,h
4105,h
4101,h
4104,h
4112,h
4113,h
4119,h
4116,h
4117,h
4133,h
4120,h
4138,h
4131,h
4141,h
4134,h
4145,h
4135,h
4144,h
4151,h
4156,h
4147,h
4164,h
4161,h
17778,h
4162,h
19049,h
19050,h
17779,h
19054,h
19051,h
19060,h
19059,h
19064,h
19066,h
19070,h
19065,h
19061,h
19071,h
19067,h
19063,h
19073,h
19078,h
19076,h
19079,h
19077,h
19085,h
19084,h
19090,h
19087,h
19093,h
19095,h
19094,h
19102,h
19100,h
19097,h
19110,h
19109,h
19107,h
22430,h
22422,h
22428,h
22431,h
22426,h
22429,h
22432,h
22423,h
22424,h
22436,h
22433,h
22437,h
22439,h
22434,h
22443,h
22440,h
22438,h
22445,h
22446,h
22444,h
23379,h
23377,h
23376,h
23378,h
23384,h
23385,h
23375,h
23381,h
23380,h
23386,h
23388,h
23387,h
23383,h
23706,h
23708,h
23705,h
23389,h
23709,h
23710,h
23707,h
23713,h
24310,h
23712,h
24309,h
23714,h
26200,h
24610,h
23711,h
26201,h
26202,h
26203,h
26205,h
26204,h
30231,h
26333,h
26334,h
30659,h
34782,h
34781,h
35307,h
35792,h
35789,h
35573,h
35574,h
35794,h
35790,h
35572,h
36589,h
36587,h
36588,h
36591,h
36586,h
35793,h
36592,h
36593,h
36590,h
36616,h
36596,h
36595,h
36594,h
36617,h
36633,h
36642,h
36675,h
36618,h
36632,h
36677,h
36674,h
36645,h
36676,h
36643,h
36678,h
36705,h
36704,h
36699,h
36700,h
36706,h
37672,h
37673,h
38232,h
39002,h
38231,h
40353,h
37674,h
40355,h
40354,h
41781,h
41784,h
40352,h
44320,h
42614,h
42009,h
44351,h
44383,h
44363,h
44334,h
44566,h
44382,h
44385,h
45041,h
44384,h
44400,h
44660,h
47222,h
44397,h
45040,h
46971,h
47259,h
45042,h
47527,h
47468,h
47514,h
47788,h
48297,h
48295,h
47603,h
48298,h
48296,h
48299,h
49534,h
49533,h
49528,h
49550,h
49818,h
48300,h
50116,h
50112,h
50113,h
50114,h
50117,h
50348,h
50553,h
50344,h
50552,h
51310,h
51239,h
50551,h
50658,h
51857,h
51853,h
51846,h
51855,h
51854,h
51515,h
51856,h
51634,h
52452,h
51851,h
51847,h
51848,h
51850,h
51858,h
52451,h
52450,h
52454,h
52453,h
52456,h
52903,h
52906,h
52455,h
52902,h
53086,h
53026,h
54327,h
54278,h
53281,h
56323,h
53280,h
57046,h
57225,h
57049,h
57381,h
57050,h
57048,h
57047,h
57380,h
57697,h
57281,h
57382,h
57728,h
58423,h
58422,h
58420,h
58659,h
58682,h
57726,h
58693,h
58707,h
59085,h
58660,h
58684,h
58692,h
59317,h
59084,h
58706,h
59320,h
59449,h
59450,h
59318,h
59319,h
59452,h
59451,h
59453,h
59512,h
59454,h
59504,h
59516,h
61911,h
59517,h
59521,h
59507,h
62663,h
62423,h
62757,h
63067,h
63526,h
63287,h
63307,h
63069,h
63180,h
64773,h
66706,h
65744,h
65515,h
65514,h
67182,h
65516,h
67117,h
65743,h
67194,h
67152,h
65745,h
67531,h
67843,h
67530,h
67844,h
68162,h
67842,h
68079,h
68057,h
68197,h
68268,h
68190,h
68294,h
68272,h
68195,h
68270,h
68297,h
68271,h
68331,h
69640,h
68309,h
71733,h
71734,h
71737,h
71736,h
71735,h
71738,h
71740,h
71741,h
71732,h
71742,h
71739,h
71743,h
71969,h
72130,h
72093,h
73414,h
73882,h
72299,h
73884,h
72298,h
74045,h
72241,h
74044,h
76602,h
74360,h
77076,h
77226,h
77227,h
77225,h
77228,h
77075,h
77234,h
77232,h
77231,h
77236,h
77229,h
77237,h
77230,h
77233,h
77235,h
77238,h
77239,h
77241,h
77242,h
77240,h
77244,h
77246,h
77305,h
77243,h
77245,h
77251,h
77247,h
77248,h
77249,h
77252,h
77419,h
77420,h
77401,h
77748,h
77750,h
77751,h
77882,h
77547,h
77548,h
77885,h
77749,h
77886,h
77887,h
77888,h
78237,h
77884,h
78238,h
78236,h
77889,h
77883,h
78239,h
78240,h
78241,h
78245,h
78244,h
78242,h
78243,h
78246,h
78247,h
80170,h
81100,h
82491,h
82400,h
82508,h
82428,h
82546,h
82542,h
82562,h
82558,h
82821,h
82563,h
82822,h
83045,h
82825,h
82826,h
83207,h
82824,h
83206,h
84402,h
85592,h
89347,h
89393,h
89634,h
31861,h
31870,h
31902,h
31918,h
31942,h
38426,h
51052,h
56431,h
56442,h
56450,h
56465,h
61771,h
63166,h
72829,h
72845,h
72867,h
88265,h
89526,h
65598,h
76913,h
88713,h
4595,h
22602,h
34878,h
41593,h
42686,h
52519,h
59128,h
63858,h
75900,h
82801,h
88749,h
17488,h
22699,h
22719,h
22733,h
24415,h
34295,h
34304,h
34326,h
34347,h
34359,h
34377,h
34394,h
34407,h
34434,h
34446,h
34464,h
34479,h
34497,h
40053,h
46284,h
51769,h
55350,h
58194,h
60016,h
65865,h
80449,h
82381,h
83876,h
83892,h
84430,h
84446,h
84460,h
84468,h
84479,h
84489,h
84496,h
84503,h
84480,h
84492,h
84537,h
84538,h
84545,h
84535,h
84547,h
84562,h
84574,h
84581,h
84585,h
84589,h
84596,h
84608,h
84627,h
84639,h
86328,h
86341,h
84616,h
86524,h
86539,h
86549,h
87020,h
87328,h
86537,h
87330,h
87335,h
87344,h
88752,h
89892,h
52114,h
83062,h
85795,h
1697,h
18316,h
28331,h
34749,h
44006,h
45428,h
56279,h
69370,h
71717,h
72260,h
75735,h
75748,h
75763,h
75775,h
75794,h
75810,h
80497,h
28318,h
44101,h
44439,h
44865,h
47140,h
56193,h
68388,h
81188,h
87760,h
73,h
731,h
3551,h
3573,h
3586,h
7085,h
17836,h
18486,h
18501,h
18515,h
22226,h
23271,h
24273,h
26867,h
26876,h
26888,h
29132,h
29516,h
29552,h
38202,h
39135,h
40820,h
43177,h
43490,h
43733,h
44987,h
46985,h
51550,h
52414,h
54165,h
57731,h
62404,h
63859,h
65714,h
72482,h
73199,h
77732,h
78123,h
78530,h
80539,h
82119,h
82226,h
82232,h
82296,h
84088,h
84987,h
84989,h
86381,h
86383,h
87461,h
89059,h
110,h
89188,h
22092,h
25312,h
25325,h
30184,h
45280,h
49572,h
51684,h
64080,h
83375,h
87128,h
41839,h
81082,h
83100,h
4487,h
4488,h
4497,h
19830,h
19846,h
19851,h
19861,h
19879,h
19886,h
19927,h
23473,h
23482,h
26250,h
38285,h
41249,h
50831,h
46602,h
50849,h
57603,h
77375,h
78016,h
78026,h
80489,h
57604,h
77377,h
78022,h
78025,h
68444,h
4300,h
4305,h
4319,h
4329,h
4337,h
22464,h
22475,h
4317,h
22500,h
22504,h
22517,h
23407,h
34802,h
34813,h
38242,h
38247,h
38256,h
38260,h
40508,h
41443,h
41488,h
48315,h
40509,h
41471,h
48820,h
48823,h
48834,h
48838,h
50898,h
52471,h
52921,h
52930,h
59090,h
59092,h
59099,h
59103,h
62433,h
62445,h
65542,h
65554,h
65567,h
66718,h
67482,h
69620,h
71760,h
71771,h
71778,h
71773,h
71790,h
71805,h
71816,h
71830,h
71841,h
71855,h
71868,h
71879,h
71893,h
75852,h
78857,h
80181,h
80350,h
86487,h
88734,h
89215,h
89672,h
1065,h
1060,h
1074,h
1712,h
1725,h
1873,h
1956,h
1955,h
1980,h
1996,h
2011,h
2026,h
2039,h
2050,h
2061,h
2071,h
2085,h
2100,h
2114,h
19967,h
19968,h
19969,h
19993,h
19997,h
20011,h
20024,h
20045,h
20064,h
20078,h
20095,h
20113,h
20131,h
21558,h
21568,h
21582,h
21609,h
22665,h
21625,h
22961,h
22969,h
23842,h
23856,h
24405,h
26355,h
34511,h
35237,h
35834,h
35847,h
35861,h
35869,h
36187,h
37696,h
38345,h
38352,h
40105,h
40114,h
40117,h
40544,h
40542,h
40650,h
40635,h
40597,h
40564,h
40755,h
40940,h
40939,h
41036,h
41267,h
41304,h
41358,h
41467,h
43245,h
43266,h
43285,h
43752,h
44590,h
44610,h
45061,h
45068,h
46321,h
46587,h
48088,h
48612,h
49055,h
49830,h
50438,h
50683,h
50804,h
52577,h
53139,h
55416,h
56595,h
56605,h
56620,h
56632,h
57545,h
58446,h
58460,h
62578,h
64846,h
66475,h
67241,h
67524,h
68181,h
69617,h
71975,h
75205,h
75204,h
74001,h
76952,h
76950,h
76968,h
77982,h
77996,h
78311,h
78324,h
78334,h
79254,h
81986,h
82004,h
82347,h
83167,h
79616,h
85013,h
85033,h
85109,h
85264,h
86182,h
87642,h
88139,h
89733,h
31073,h
31082,h
24798,h
31083,h
31101,h
47179,h
49218,h
63257,h
64903,h
64917,h
64914,h
64926,h
64935,h
64934,h
64948,h
64959,h
64971,h
64983,h
64998,h
66487,h
68420,h
70970,h
70981,h
70991,h
71004,h
71018,h
71034,h
71044,h
71045,h
71052,h
76054,h
79632,h
87087,h
63611,h
20351,h
1581,h
19933,h
19951,h
21638,h
34521,h
37685,h
57644,h
72919,h
78359,h
69,h
38819,h
47859,h
49132,h
51261,h
56668,h
56688,h
61960,h
61971,h
61989,h
62003,h
62021,h
62033,h
62043,h
62060,h
62076,h
62087,h
62095,h
62052,h
62072,h
62097,h
62105,h
62104,h
62101,h
62126,h
62669,h
63500,h
65026,h
66777,h
66784,h
66793,h
63493,h
71056,h
71064,h
71073,h
71080,h
71087,h
71097,h
71108,h
71120,h
71128,h
72747,h
75229,h
79635,h
87268,h
79638,h
87273,h
87275,h
89070,h
87271,h
62636,h
45675,h
63973,h
25252,h
45540,h
45555,h
46515,h
60355,h
74227,h
82730,h
47462,h
25323,h
1419,h
45741,h
46353,h
53565,h
53566,h
80760,h
2258,h
36491,h
50449,h
61206,h
69878,h
83304,h
84516,h
87520,h
36521,h
69872,h
86048,h
2594,h
2613,h
2625,h
2634,h
2643,h
2652,h
2635,h
2638,h
2655,h
2653,h
2671,h
2685,h
18415,h
21831,h
34588,h
50476,h
58964,h
65130,h
65146,h
65160,h
65171,h
65190,h
65201,h
65216,h
65229,h
65236,h
65247,h
65263,h
65278,h
65289,h
65301,h
65314,h
65325,h
65327,h
66537,h
66544,h
67629,h
71219,h
71232,h
71246,h
83541,h
18012,h
24855,h
28811,h
29303,h
37310,h
45282,h
55044,h
63200,h
73939,h
24483,h
24822,h
24837,h
24845,h
24814,h
24510,h
25050,h
24826,h
24550,h
25219,h
25248,h
24861,h
25717,h
29713,h
45163,h
59741,h
72279,h
72280,h
72522,h
72417,h
80622,h
17568,h
20205,h
26072,h
26091,h
28886,h
28895,h
29826,h
29849,h
29871,h
37455,h
49152,h
54231,h
55041,h
59971,h
66414,h
72540,h
73386,h
72962,h
72963,h
72961,h
76049,h
82368,h
76547,h
87633,h
90104,h
29829,h
29863,h
29872,h
50068,h
54236,h
72541,h
85686,h
78993,h
63602,h
63829,h
84157,h
25796,h
66152,h
3103,h
3114,h
3129,h
3139,h
3127,h
3144,h
3151,h
3186,h
3199,h
3208,h
22002,h
23146,h
38177,h
48726,h
52233,h
53670,h
54454,h
59024,h
62268,h
63565,h
72402,h
72729,h
78876,h
79043,h
83912,h
85645,h
14663,h
20736,h
20751,h
20770,h
20783,h
20799,h
24008,h
24021,h
31231,h
39863,h
44308,h
47057,h
46274,h
46244,h
47691,h
49934,h
54577,h
59298,h
61196,h
67273,h
72663,h
75389,h
75404,h
75419,h
75432,h
75447,h
75460,h
75480,h
75492,h
75494,h
75506,h
76988,h
77002,h
78280,h
78281,h
83900,h
87350,h
495,h
1282,h
4551,h
4569,h
17763,h
18420,h
23495,h
35984,h
35999,h
42681,h
52980,h
54475,h
54471,h
57696,h
71936,h
86124,h
63633,h
67468,h
73629,h
76226,h
78867,h
83074,h
18063,h
18078,h
20824,h
20855,h
20925,h
20988,h
21015,h
21153,h
22900,h
22903,h
24068,h
24515,h
24574,h
24643,h
24819,h
24931,h
25026,h
25114,h
25222,h
25367,h
25453,h
25630,h
25675,h
25745,h
25805,h
25818,h
25807,h
28905,h
29072,h
29086,h
29101,h
29116,h
29187,h
29238,h
29254,h
29565,h
29577,h
29595,h
29636,h
29749,h
29794,h
29984,h
30270,h
30293,h
30285,h
30302,h
30309,h
30425,h
30457,h
30500,h
30533,h
30594,h
30629,h
30705,h
30736,h
30816,h
30825,h
31151,h
31458,h
37283,h
37418,h
37725,h
38721,h
39517,h
39620,h
39733,h
40089,h
51463,h
53076,h
53823,h
53908,h
53981,h
53985,h
54201,h
54685,h
54986,h
55060,h
55076,h
55087,h
55362,h
56967,h
56949,h
56961,h
56983,h
56976,h
56985,h
56977,h
56994,h
57519,h
58494,h
59674,h
59703,h
59770,h
59780,h
59382,h
62388,h
59685,h
62396,h
62733,h
63145,h
63515,h
64025,h
65460,h
62721,h
65899,h
66284,h
67081,h
68654,h
65468,h
66273,h
71690,h
70796,h
71693,h
72603,h
72727,h
73477,h
73762,h
74133,h
75954,h
76030,h
76719,h
77128,h
79012,h
79225,h
80941,h
81425,h
81681,h
82880,h
83317,h
84958,h
86000,h
86370,h
87757,h
88601,h
89844,h
89182,h
90301,h
62775,h
86012,h
24477,h
25243,h
30801,h
48890,h
49886,h
59819,h
76061,h
257,h
931,h
948,h
3430,h
17730,h
17993,h
20884,h
20941,h
20982,h
21031,h
21065,h
21086,h
21076,h
21105,h
21127,h
21538,h
22869,h
22881,h
22893,h
23230,h
24036,h
24075,h
24359,h
24451,h
24731,h
25220,h
25774,h
27049,h
27059,h
27066,h
27068,h
27065,h
27072,h
29727,h
29937,h
30340,h
30552,h
30685,h
35917,h
37321,h
38538,h
38824,h
39719,h
40265,h
43159,h
43452,h
45285,h
47172,h
49211,h
47202,h
49440,h
49746,h
51424,h
52023,h
53817,h
54135,h
54817,h
55032,h
57793,h
59738,h
63094,h
66155,h
72108,h
72966,h
73308,h
74351,h
77525,h
76570,h
77537,h
78415,h
78432,h
79140,h
81524,h
81956,h
82075,h
83165,h
85026,h
86364,h
87894,h
89924,h
90178,h
90176,h
24892,h
29227,h
29739,h
30393,h
55049,h
72637,h
72286,h
1840,h
17429,h
20317,h
20326,h
20340,h
23887,h
36145,h
41515,h
46721,h
46722,h
51301,h
58803,h
58791,h
58814,h
58824,h
58835,h
58852,h
58863,h
61941,h
66766,h
63399,h
67204,h
70942,h
77965,h
87883,h
1441,h
1455,h
1468,h
1507,h
27084,h
27406,h
27585,h
27601,h
28651,h
46046,h
46059,h
50007,h
50017,h
56052,h
60024,h
61106,h
63834,h
69253,h
75176,h
83353,h
81088,h
87563,h
28353,h
44019,h
44430,h
59645,h
75899,h
27330,h
39861,h
44050,h
44215,h
44727,h
47137,h
60038,h
80101,h
80112,h
80127,h
80128,h
80149,h
80139,h
80146,h
80155,h
82615,h
83819,h
88026,h
741,h
748,h
773,h
795,h
814,h
839,h
1028,h
1045,h
3718,h
3737,h
3743,h
7048,h
17694,h
17862,h
18171,h
20369,h
20383,h
20394,h
20409,h
20428,h
20443,h
20455,h
20471,h
20479,h
20493,h
20500,h
20507,h
22304,h
22321,h
22337,h
23625,h
23903,h
23916,h
23927,h
23941,h
26143,h
26158,h
26298,h
26466,h
26561,h
26566,h
26570,h
26571,h
26569,h
26572,h
26579,h
26567,h
26568,h
26616,h
26621,h
26668,h
26694,h
26682,h
26697,h
26704,h
26709,h
26732,h
26744,h
26763,h
26912,h
26927,h
28933,h
28954,h
29213,h
29347,h
29370,h
29414,h
29426,h
29439,h
29603,h
34734,h
35884,h
37463,h
38897,h
40319,h
40655,h
42587,h
43312,h
43393,h
43472,h
43551,h
43596,h
43584,h
43681,h
43747,h
43850,h
44981,h
45474,h
47013,h
47287,h
47492,h
47927,h
49245,h
48554,h
49447,h
49561,h
49835,h
49899,h
51288,h
51566,h
51710,h
51706,h
51728,h
52104,h
52428,h
52869,h
53352,h
54248,h
54280,h
54713,h
53112,h
57010,h
58295,h
58472,h
59289,h
59981,h
57690,h
62665,h
62728,h
62785,h
62836,h
62530,h
63397,h
63379,h
63535,h
63580,h
63695,h
63766,h
64768,h
65912,h
66457,h
67339,h
68442,h
68633,h
68896,h
70792,h
72514,h
73014,h
73149,h
73325,h
73514,h
73310,h
73648,h
73977,h
73993,h
76315,h
77465,h
77479,h
77490,h
77503,h
78154,h
78551,h
78561,h
78569,h
79146,h
80505,h
80645,h
81437,h
81895,h
81896,h
81967,h
82048,h
82060,h
82168,h
82088,h
82178,h
82193,h
82205,h
82275,h
82467,h
82469,h
84133,h
85132,h
85515,h
85583,h
86391,h
86394,h
86404,h
86416,h
86644,h
87219,h
87644,h
88575,h
88615,h
89200,h
88961,h
89747,h
89976,h
90095,h
18526,h
18540,h
18563,h
18565,h
18580,h
18593,h
18606,h
18625,h
18643,h
23570,h
23581,h
35748,h
58394,h
102,h
2217,h
2232,h
2248,h
17273,h
2225,h
2237,h
2244,h
17625,h
20218,h
20249,h
20244,h
20257,h
20262,h
20273,h
20286,h
20299,h
21519,h
23883,h
36177,h
20285,h
44621,h
50688,h
50776,h
57639,h
70939,h
77967,h
724,h
23704,h
41083,h
47248,h
44970,h
47554,h
49363,h
51703,h
63048,h
63734,h
64390,h
73288,h
78097,h
53008,h
3780,h
26046,h
28769,h
29297,h
39791,h
59955,h
63861,h
41815,h
76128,h
84080,h
89002,h
27106,h
27871,h
27889,h
27953,h
89004,h
28005,h
32846,h
32910,h
51191,h
58218,h
69379,h
81063,h
89808,h
32896,h
58220,h
1643,h
81065,h
89490,h
56063,h
63839,h
87602,h
44852,h
83562,h
83546,h
83564,h
83584,h
83595,h
83605,h
83617,h
83629,h
83638,h
83645,h
83652,h
83616,h
83669,h
83679,h
83687,h
83673,h
83710,h
83707,h
83698,h
83703,h
83711,h
83718,h
83728,h
84525,h
88908,h
47849,h
2713,h
2719,h
2734,h
2742,h
2754,h
2761,h
2774,h
2733,h
2796,h
27723,h
2806,h
27762,h
30858,h
30857,h
27800,h
28034,h
30860,h
36026,h
36042,h
36018,h
36056,h
36066,h
36078,h
36091,h
36107,h
36126,h
36140,h
41912,h
42066,h
44729,h
51671,h
51680,h
56561,h
61700,h
76459,h
70920,h
89073,h
71350,h
75318,h
75330,h
75344,h
75356,h
84214,h
67632,h
71260,h
71278,h
71295,h
71299,h
71308,h
71326,h
71341,h
79683,h
86730,h
87598,h
18810,h
21427,h
24288,h
31606,h
31624,h
31638,h
31658,h
31674,h
31842,h
31854,h
31987,h
32010,h
37742,h
37756,h
37776,h
37785,h
37802,h
37813,h
37829,h
37843,h
37854,h
37869,h
37883,h
37889,h
37891,h
37905,h
37919,h
37936,h
37948,h
37965,h
37976,h
37988,h
38000,h
38012,h
38022,h
38036,h
38048,h
38067,h
38080,h
38090,h
38084,h
38081,h
38091,h
38104,h
38103,h
38116,h
38124,h
38142,h
38153,h
38166,h
45804,h
45830,h
45846,h
45860,h
46155,h
48030,h
49029,h
50965,h
50989,h
51005,h
51020,h
51019,h
51026,h
51032,h
51034,h
51025,h
51031,h
51027,h
51018,h
51023,h
51030,h
51022,h
51036,h
51035,h
51042,h
51039,h
51041,h
51040,h
51055,h
51062,h
51084,h
51169,h
54510,h
54533,h
54558,h
56477,h
56488,h
56501,h
56517,h
56532,h
59296,h
61716,h
61719,h
61740,h
61761,h
61784,h
61814,h
61843,h
61859,h
63320,h
68175,h
72810,h
73472,h
80667,h
83310,h
85408,h
87784,h
87980,h
88356,h
88442,h
89338,h
89520,h
89547,h
19260,h
19273,h
19284,h
31598,h
89543,h
31702,h
31718,h
31733,h
31751,h
31775,h
31786,h
31791,h
31809,h
31825,h
36756,h
36736,h
36793,h
36811,h
54555,h
58426,h
58988,h
62247,h
65336,h
65828,h
72805,h
80281,h
80287,h
81376,h
21185,h
21201,h
32014,h
32032,h
32049,h
32068,h
39876,h
44648,h
48912,h
54732,h
4641,h
24316,h
34904,h
38314,h
40408,h
46120,h
50584,h
65612,h
71948,h
77101,h
80880,h
4616,h
25664,h
38292,h
42691,h
45943,h
46131,h
51220,h
57106,h
67557,h
522,h
4669,h
21455,h
23529,h
30543,h
37664,h
42833,h
42909,h
45933,h
47535,h
49252,h
49693,h
53395,h
49340,h
65592,h
69568,h
75903,h
84084,h
87550,h
90307,h
25722,h
42855,h
77078,h
59676,h
83038,h
23734,h
25100,h
24907,h
26232,h
30132,h
37676,h
47506,h
50280,h
51774,h
52725,h
56842,h
59038,h
62297,h
63977,h
66579,h
66862,h
67719,h
71477,h
71486,h
71502,h
71519,h
71533,h
73786,h
76752,h
78642,h
79757,h
82927,h
83926,h
85899,h
87028,h
89117,h
90062,h
515,h
45570,h
45583,h
45596,h
45611,h
46377,h
46396,h
46418,h
46463,h
46441,h
46474,h
60163,h
60176,h
46493,h
60191,h
60249,h
60333,h
60391,h
60516,h
63958,h
74061,h
74200,h
74289,h
76871,h
80726,h
80752,h
81329,h
82709,h
82744,h
83965,h
84048,h
84058,h
84683,h
86975,h
87177,h
87428,h
89165,h
90123,h
45754,h
45765,h
45778,h
46342,h
60476,h
74265,h
81293,h
60139,h
74204,h
61656,h
81307,h
81298,h
81297,h
81300,h
83217,h
87172,h
45489,h
45510,h
81302,h
46526,h
46557,h
53518,h
60202,h
60213,h
46525,h
53107,h
74191,h
75700,h
67128,h
75704,h
63954,h
77820,h
79825,h
79832,h
79835,h
79844,h
79836,h
79833,h
79846,h
79841,h
80711,h
80754,h
83980,h
84685,h
87149,h
86984,h
87434,h
89267,h
45691,h
45711,h
73327,h
74295,h
76895,h
87152,h
49677,h
45707,h
60147,h
76891,h
90122,h
76881,h
960,h
962,h
3429,h
958,h
20842,h
20869,h
20909,h
20991,h
21046,h
21088,h
21115,h
21145,h
24040,h
30844,h
44977,h
74349,h
21146,h
24064,h
89718,h
70341,h
65852,h
82544,h
88899,h
73686,h
88897,h
83860,h
84282,h
1518,h
1651,h
27423,h
27599,h
49966,h
56318,h
61306,h
69263,h
73637,h
76922,h
83109,h
61388,h
8,h
22076,h
24899,h
25310,h
25557,h
25576,h
26007,h
30107,h
30209,h
37228,h
39532,h
45329,h
48226,h
49263,h
51963,h
53930,h
59734,h
62833,h
65379,h
71543,h
71541,h
73501,h
75548,h
75558,h
76111,h
83287,h
84371,h
89052,h
1096,h
1116,h
1136,h
1160,h
1611,h
1750,h
1769,h
1785,h
1882,h
1900,h
4346,h
4367,h
4380,h
4403,h
4420,h
4437,h
4454,h
4475,h
17159,h
19491,h
19507,h
19511,h
19510,h
19521,h
19538,h
19554,h
19566,h
19582,h
19599,h
19611,h
19624,h
19644,h
19657,h
19672,h
19684,h
19706,h
19728,h
19718,h
19742,h
19757,h
19768,h
19787,h
19799,h
21518,h
22545,h
22560,h
22576,h
23436,h
23454,h
23771,h
23787,h
23796,h
23807,h
24323,h
26365,h
28652,h
34842,h
34852,h
35816,h
36225,h
38267,h
39436,h
40380,h
40532,h
40701,h
40782,h
40818,h
40894,h
40956,h
40986,h
41038,h
41221,h
41268,h
41367,h
41389,h
41457,h
41501,h
41549,h
42641,h
42658,h
44464,h
45025,h
45026,h
46213,h
46297,h
46632,h
46652,h
46671,h
46881,h
47025,h
48844,h
49515,h
49989,h
50558,h
50664,h
50875,h
51900,h
50886,h
51907,h
52482,h
51901,h
52488,h
52934,h
53160,h
53172,h
55431,h
57561,h
57681,h
58082,h
59113,h
61867,h
62571,h
62788,h
65580,h
59112,h
66731,h
67030,h
65575,h
65587,h
66729,h
66730,h
67212,h
67158,h
67222,h
67231,h
67865,h
68074,h
68301,h
71902,h
71912,h
71921,h
74785,h
75865,h
71911,h
77330,h
72158,h
77345,h
77358,h
77372,h
78032,h
78045,h
78060,h
78068,h
78391,h
78401,h
79195,h
82338,h
82532,h
82782,h
83850,h
84414,h
85297,h
85211,h
85723,h
86490,h
86587,h
86592,h
86599,h
86604,h
86675,h
88009,h
88123,h
88173,h
89573,h
89752,h
62990,h
2126,h
21641,h
34525,h
38362,h
40134,h
40844,h
44461,h
52048,h
62803,h
66758,h
73875,h
82979,h
88811,h
2163,h
2147,h
22986,h
40722,h
48629,h
48645,h
48655,h
48666,h
48680,h
50445,h
52142,h
52589,h
61927,h
64852,h
67576,h
70934,h
72085,h
75207,h
76270,h
78750,h
85591,h
89767,h
22462,h
44642,h
50109,h
63013,h
65531,h
68329,h
71754,h
89332,h
4192,h
4176,h
4223,h
4209,h
4235,h
4232,h
4241,h
4246,h
4259,h
19012,h
4274,h
19019,h
19031,h
22449,h
22461,h
23680,h
23695,h
28082,h
34788,h
38233,h
41954,h
42617,h
44348,h
44732,h
44898,h
47178,h
44736,h
48306,h
48812,h
50122,h
50209,h
50417,h
51861,h
52461,h
52910,h
57055,h
57688,h
59458,h
62735,h
65520,h
66708,h
67845,h
68402,h
68401,h
74146,h
77399,h
77894,h
77216,h
78251,h
84042,h
87724,h
89353,h
89846,h
89157,h
49314,h
81093,h
1348,h
1363,h
50169,h
50233,h
50258,h
50259,h
50296,h
70813,h
28106,h
48459,h
56123,h
57135,h
57146,h
69294,h
86123,h
1669,h
28442,h
42447,h
42461,h
42478,h
42492,h
42512,h
42545,h
42534,h
42533,h
42537,h
42549,h
42560,h
48361,h
48423,h
48434,h
48446,h
51948,h
44948,h
52370,h
52844,h
54364,h
55279,h
55977,h
58337,h
62329,h
62346,h
62364,h
65441,h
65435,h
65448,h
66608,h
67483,h
68483,h
68529,h
69296,h
70713,h
70739,h
71578,h
71594,h
75585,h
78776,h
79326,h
79341,h
79353,h
79582,h
82905,h
83480,h
89132,h
89875,h
76338,h
45537,h
22149,h
22165,h
27188,h
35604,h
49529,h
55276,h
62592,h
69892,h
69937,h
74329,h
78782,h
78781,h
83026,h
88766,h
24470,h
30792,h
28377,h
50516,h
52348,h
52363,h
54345,h
62322,h
67739,h
76818,h
76839,h
82902,h
28444,h
48756,h
50510,h
48250,h
52322,h
52326,h
52825,h
55905,h
56908,h
59055,h
65409,h
67729,h
69351,h
71562,h
79364,h
79371,h
81959,h
89286,h
24952,h
37323,h
30664,h
42381,h
42399,h
42419,h
48231,h
48749,h
50509,h
52306,h
54636,h
56862,h
59359,h
65384,h
70363,h
76656,h
78656,h
79379,h
79391,h
79403,h
79413,h
80316,h
81857,h
84370,h
86920,h
90278,h
89781,h
28251,h
28731,h
42247,h
28369,h
28734,h
42254,h
42272,h
42262,h
42274,h
42277,h
42303,h
42291,h
42308,h
42304,h
42314,h
42315,h
42310,h
42324,h
42339,h
42356,h
44940,h
47709,h
48195,h
48387,h
50489,h
52715,h
54388,h
54424,h
55197,h
56018,h
56824,h
57466,h
58366,h
59498,h
62607,h
65363,h
66574,h
68485,h
68504,h
68525,h
68560,h
68591,h
69346,h
69990,h
70738,h
71463,h
73737,h
72769,h
74157,h
76687,h
76133,h
79103,h
78843,h
79286,h
79294,h
79501,h
79511,h
79519,h
79530,h
79544,h
79558,h
79567,h
81454,h
79527,h
83371,h
84319,h
85964,h
86645,h
86702,h
86779,h
86698,h
86784,h
86787,h
86789,h
86780,h
86785,h
86890,h
86902,h
87368,h
88700,h
89112,h
90048,h
48269,h
65424,h
74145,h
67127,h
405,h
625,h
24765,h
24776,h
2,h
25334,h
25878,h
25891,h
25896,h
25915,h
25933,h
25981,h
30883,h
30921,h
30947,h
31026,h
31049,h
31107,h
37329,h
37557,h
39515,h
39610,h
39717,h
45225,h
45317,h
45265,h
45388,h
48887,h
49279,h
51351,h
51799,h
53920,h
54027,h
54218,h
58055,h
59788,h
62709,h
63282,h
64069,h
64087,h
67772,h
68120,h
68225,h
67813,h
72401,h
72708,h
73454,h
73732,h
73792,h
73804,h
75629,h
75932,h
76032,h
76068,h
76119,h
76771,h
79116,h
82479,h
82855,h
83260,h
83376,h
83755,h
84118,h
83381,h
83756,h
84308,h
84082,h
83766,h
83760,h
83765,h
83393,h
83382,h
83763,h
84312,h
84311,h
84363,h
84385,h
84313,h
84942,h
84395,h
85391,h
85927,h
86120,h
87569,h
88611,h
89326,h
89799,h
90192,h
90323,h
37338,h
90315,h
47675,h
67043,h
67875,h
67884,h
67893,h
67902,h
67907,h
67914,h
67929,h
67924,h
67938,h
67909,h
67953,h
67958,h
67964,h
67972,h
67980,h
67989,h
67995,h
72742,h
76074,h
87483,h
4531,h
18354,h
20639,h
20649,h
20659,h
20662,h
20670,h
20675,h
20696,h
20686,h
20707,h
20723,h
21535,h
22584,h
23990,h
23994,h
24003,h
24163,h
23991,h
23984,h
24177,h
24178,h
24179,h
24169,h
24175,h
24181,h
24193,h
24205,h
24222,h
24242,h
24255,h
24260,h
24338,h
26341,h
28290,h
28352,h
28487,h
28508,h
28525,h
28541,h
28546,h
28555,h
28562,h
28592,h
28484,h
28568,h
28602,h
29687,h
34864,h
35897,h
37717,h
37718,h
37716,h
39811,h
39019,h
39828,h
39053,h
39885,h
39891,h
40015,h
43920,h
40391,h
43950,h
43988,h
44033,h
44073,h
44107,h
44132,h
44197,h
44286,h
44440,h
44734,h
44853,h
44953,h
45890,h
46062,h
47036,h
47061,h
47078,h
47125,h
49844,h
50930,h
52506,h
52952,h
52965,h
53599,h
55258,h
56191,h
56265,h
56283,h
57913,h
58749,h
59652,h
61184,h
61188,h
61660,h
67033,h
67441,h
68384,h
69287,h
69352,h
69492,h
69515,h
69524,h
71932,h
75867,h
75879,h
77004,h
77018,h
77032,h
77038,h
77040,h
77928,h
78277,h
80208,h
80835,h
80969,h
80978,h
82394,h
83829,h
85434,h
87748,h
87971,h
88642,h
88661,h
88787,h
89341,h
19818,h
88659,h
88785,h
89023,h
19960,h
19963,h
23835,h
38870,h
48374,h
48401,h
52316,h
52750,h
52763,h
52774,h
52786,h
52804,h
55219,h
56876,h
56890,h
56906,h
62307,h
62317,h
65387,h
65388,h
65401,h
68526,h
68595,h
69993,h
70917,h
78648,h
79309,h
85879,h
87688,h
89301,h
89302,h
3358,h
19239,h
19245,h
55923,h
65731,h
82919,h
3085,h
23126,h
42209,h
48714,h
51648,h
52699,h
59014,h
63809,h
78882,h
84108,h
18399,h
89582,h
43079,h
43093,h
44183,h
47132,h
59638,h
76194,h
87945,h
25839,h
4614,h
4659,h
18820,h
19456,h
19473,h
21443,h
22617,h
23520,h
23642,h
35758,h
42692,h
53901,h
63685,h
76076,h
89770,h
30502,h
30672,h
38760,h
40417,h
40430,h
42704,h
42717,h
42868,h
47297,h
45991,h
48980,h
48876,h
49227,h
52530,h
53400,h
57111,h
61557,h
63727,h
70834,h
73770,h
81176,h
84808,h
87205,h
69560,h
52989,h
25298,h
25513,h
25989,h
25990,h
30046,h
30070,h
30074,h
30261,h
37330,h
39790,h
53916,h
54036,h
63984,h
69966,h
72564,h
73720,h
74082,h
76077,h
78903,h
81151,h
79217,h
83261,h
83266,h
83262,h
83274,h
84951,h
85914,h
85924,h
86109,h
86110,h
89792,h
90316,h
89798,h
25909,h
73619,h
60131,h
60276,h
74240,h
76906,h
78971,h
63028,h
76750,h
38590,h
54696,h
29337,h
84247,h
82806,h
82805,h
45719,h
46546,h
47504,h
60215,h
60366,h
63068,h
74223,h
74252,h
76875,h
79859,h
79884,h
79869,h
79904,h
79896,h
79920,h
79931,h
79937,h
79938,h
79941,h
79957,h
79968,h
79978,h
79991,h
80003,h
80021,h
80033,h
80045,h
80059,h
81288,h
84686,h
67185,h
40010,h
43918,h
43953,h
44015,h
44091,h
44210,h
44318,h
46022,h
47142,h
58151,h
67450,h
69465,h
69483,h
69536,h
80818,h
81005,h
86479,h
88634,h
80821,h
18372,h
82404,h
47656,h
53075,h
82414,h
1381,h
57426,h
61915,h
38602,h
68586,h
45647,h
59342,h
80773,h
30798,h
47985,h
59764,h
75958,h
85826,h
317,h
24586,h
29746,h
75922,h
31389,h
643,h
29163,h
76591,h
29175,h
49156,h
69611,h
76594,h
89862,h
30168,h
49571,h
83362,h
31411,h
67650,h
67666,h
67683,h
67694,h
67698,h
67709,h
71441,h
72614,h
26024,h
44866,h
84147,h
89625,h
309,h
64876,h
64888,h
70949,h
1851,h
20601,h
20606,h
20620,h
20626,h
21527,h
23980,h
39817,h
44635,h
46564,h
50947,h
55242,h
67256,h
76987,h
80997,h
89327,h
85204,h
49028,h
63082,h
54446,h
20974,h
24063,h
72554,h
2853,h
19323,h
19373,h
19388,h
19410,h
19425,h
19441,h
22811,h
24782,h
25396,h
25862,h
25867,h
30975,h
30987,h
31003,h
31313,h
37230,h
37571,h
39537,h
44574,h
45348,h
49061,h
53884,h
54211,h
55356,h
63898,h
71971,h
72753,h
76101,h
78467,h
80605,h
70818,h
89941,h
78895,h
85781,h
85787,h
87660,h
2813,h
90260,h
922,h
2828,h
2843,h
2862,h
2877,h
2883,h
2889,h
2898,h
2905,h
2918,h
2927,h
2936,h
2947,h
2963,h
2979,h
19309,h
19331,h
19354,h
19382,h
19404,h
19449,h
21918,h
22751,h
22769,h
22781,h
22802,h
22822,h
23111,h
23747,h
24426,h
24427,h
34602,h
38498,h
39739,h
40179,h
42179,h
42182,h
44508,h
44569,h
46083,h
46167,h
46617,h
46932,h
47832,h
48587,h
49267,h
49821,h
52009,h
53148,h
53192,h
53583,h
56774,h
57577,h
59624,h
62237,h
62694,h
64415,h
68193,h
71386,h
73125,h
73659,h
77767,h
77783,h
78079,h
78445,h
78463,h
79258,h
80455,h
78078,h
79702,h
81123,h
81201,h
80917,h
81196,h
81206,h
81620,h
82684,h
83173,h
84077,h
84649,h
82654,h
85509,h
82799,h
87348,h
87846,h
88024,h
88044,h
88054,h
88063,h
88079,h
87996,h
88841,h
89946,h
46098,h
88077,h
88721,h
89947,h
25415,h
46168,h
48964,h
48872,h
62918,h
82658,h
82792,h
85783,h
87977,h
62930,h
88022,h
88091,h
86058,h
66163,h
49667,h
63940,h
76110,h
314,h
27702,h
27963,h
33922,h
33968,h
41950,h
57763,h
1227,h
33940,h
72031,h
3064,h
3063,h
3061,h
3062,h
3069,h
3216,h
3220,h
3233,h
3241,h
3249,h
21945,h
21955,h
21969,h
21974,h
23124,h
35943,h
35957,h
35972,h
42114,h
51115,h
53367,h
53380,h
56341,h
59004,h
62935,h
64193,h
64218,h
65712,h
84338,h
88201,h
27365,h
1265,h
22032,h
22673,h
26451,h
34634,h
35535,h
35551,h
36333,h
42228,h
50484,h
57272,h
57764,h
65354,h
62564,h
77309,h
78812,h
78824,h
81014,h
85051,h
89809,h
27134,h
41711,h
27193,h
50288,h
78985,h
70449,h
46549,h
81352,h
28836,h
29287,h
63901,h
51576,h
25965,h
29888,h
63805,h
81746,h
63665,h
47820,h
77140,h
88794,h
72546,h
63124,h
78615,h
1656,h
59580,h
51604,h
73370,h
63175,h
21841,h
21856,h
21870,h
21886,h
21896,h
51241,h
21907,h
78618,h
84391,h
1553,h
22996,h
36500,h
38370,h
44804,h
50375,h
64138,h
77112,h
85851,h
75569,h
83748,h
27690,h
29177,h
2281,h
2295,h
2308,h
2322,h
2335,h
2353,h
2370,h
2384,h
2407,h
2423,h
2441,h
2454,h
2477,h
2520,h
7725,h
7770,h
18181,h
18207,h
18227,h
18245,h
18260,h
18298,h
18410,h
21292,h
21684,h
21717,h
21733,h
21744,h
23013,h
23030,h
23040,h
23055,h
24111,h
34551,h
34569,h
38385,h
39841,h
40163,h
40616,h
42151,h
42929,h
42951,h
42972,h
43005,h
43024,h
43036,h
43071,h
43109,h
43125,h
43150,h
44179,h
44270,h
44317,h
47124,h
48105,h
48126,h
48142,h
49909,h
50462,h
50461,h
51661,h
52160,h
52169,h
52600,h
52609,h
52615,h
52627,h
52658,h
52672,h
53636,h
53655,h
53715,h
53775,h
55294,h
55789,h
55793,h
55834,h
56706,h
56722,h
57647,h
57667,h
58888,h
58913,h
60020,h
61511,h
61526,h
61545,h
62146,h
63877,h
64249,h
64259,h
64269,h
64285,h
64301,h
64317,h
64335,h
71154,h
71155,h
71156,h
71157,h
71158,h
71161,h
71153,h
71163,h
71162,h
71159,h
71160,h
71164,h
72033,h
72201,h
73866,h
73967,h
73966,h
74003,h
73656,h
73521,h
73864,h
72200,h
75235,h
74318,h
74005,h
74004,h
74320,h
75241,h
76167,h
76186,h
77589,h
77603,h
77611,h
77622,h
77634,h
77646,h
77661,h
78601,h
79646,h
80356,h
82435,h
82450,h
82463,h
82606,h
83169,h
84186,h
85454,h
85732,h
86183,h
87286,h
87885,h
87958,h
88834,h
89312,h
89743,h
62903,h
270,h
865,h
884,h
3458,h
3474,h
3490,h
3506,h
3525,h
7008,h
7069,h
17927,h
18707,h
18717,h
18733,h
18741,h
18755,h
18767,h
18783,h
18806,h
21407,h
22183,h
22203,h
22220,h
23236,h
23254,h
23609,h
23624,h
26277,h
26592,h
26639,h
26798,h
26816,h
26829,h
26849,h
28785,h
29320,h
29493,h
29556,h
30637,h
35751,h
39195,h
39231,h
40281,h
40819,h
41079,h
42568,h
43399,h
43553,h
43640,h
43767,h
43878,h
46917,h
47423,h
48277,h
49510,h
50645,h
51974,h
51984,h
52854,h
53329,h
54296,h
55358,h
58408,h
59976,h
62746,h
63247,h
64346,h
64385,h
65876,h
66944,h
68149,h
73028,h
73063,h
73156,h
73208,h
73854,h
75719,h
77686,h
77702,h
77713,h
78095,h
78110,h
78484,h
78506,h
78519,h
80517,h
81265,h
81655,h
81718,h
82011,h
82123,h
82321,h
84086,h
84717,h
84734,h
84750,h
84766,h
84820,h
84835,h
84850,h
84862,h
84874,h
84887,h
85240,h
87454,h
89248,h
90004,h
90017,h
41591,h
18342,h
21757,h
21777,h
24689,h
34580,h
48693,h
52177,h
52181,h
54061,h
65103,h
71166,h
71180,h
75271,h
75251,h
75282,h
76083,h
90166,h
73547,h
81907,h
87494,h
89596,h
73555,h
73909,h
76392,h
78990,h
83067,h
54062,h
47626,h
56806,h
76615,h
82833,h
85855,h
86864,h
86876,h
45490,h
45501,h
45528,h
48895,h
60153,h
65749,h
76894,h
84315,h
73912,h
81913,h
84213,h
76236,h
54413,h
78900,h
65,h
24647,h
47384,h
24600,h
24658,h
14,h
49124,h
63016,h
76248,h
403,h
24649,h
25759,h
28877,h
29618,h
30708,h
38854,h
51492,h
54072,h
59665,h
75948,h
82651,h
29963,h
83060,h
89699,h
62852,h
48157,h
56769,h
87238,h
76509,h
645,h
53390,h
41707,h
34546,h
52153,h
64103,h
64151,h
78705,h
84374,h
86801,h
40071,h
69847,h
69887,h
69962,h
84223,h
84793,h
84919,h
86452,h
86472,h
88970,h
88985,h
88998,h
79627,h
2585,h
18391,h
21072,h
21379,h
21814,h
24605,h
25431,h
27078,h
28802,h
29042,h
29233,h
29951,h
30324,h
30508,h
30777,h
37220,h
39508,h
45365,h
47819,h
48951,h
49800,h
52102,h
54485,h
55120,h
62542,h
63230,h
66525,h
69597,h
72944,h
76555,h
81390,h
82518,h
83426,h
85507,h
87656,h
161,h
25455,h
30441,h
38734,h
45368,h
47920,h
49587,h
54842,h
62914,h
72431,h
84099,h
63362,h
47835,h
27313,h
39987,h
42865,h
45962,h
87677,h
76883,h
63459,h
74256,h
41889,h
41899,h
42029,h
41884,h
47990,h
51548,h
65039,h
65052,h
65064,h
65081,h
76872,h
66802,h
66800,h
66801,h
66804,h
73537,h
1797,h
1815,h
4805,h
4815,h
4830,h
4846,h
4868,h
4882,h
4897,h
4917,h
4930,h
16913,h
17283,h
17348,h
17451,h
17567,h
19129,h
19145,h
19158,h
19172,h
19186,h
19202,h
19214,h
19223,h
22660,h
23544,h
23723,h
27625,h
23721,h
27630,h
27643,h
27639,h
27640,h
27642,h
27641,h
27656,h
27670,h
38337,h
40456,h
42734,h
42901,h
44816,h
44945,h
46695,h
42796,h
46715,h
48349,h
48864,h
50590,h
50611,h
51922,h
51930,h
53178,h
50593,h
50608,h
53175,h
53183,h
54739,h
54738,h
54748,h
54761,h
54781,h
54796,h
54807,h
55141,h
55148,h
56109,h
57120,h
54806,h
58761,h
61094,h
64124,h
68117,h
69888,h
73505,h
74337,h
69651,h
73438,h
76649,h
77406,h
77897,h
77906,h
78257,h
79573,h
80400,h
80468,h
80911,h
81539,h
81853,h
83237,h
85343,h
86092,h
87691,h
90045,h
1401,h
82420,h
1414,h
82417,h
51346,h
63668,h
28852,h
85316,h
70815,h
83192,h
29045,h
121,h
529,h
24440,h
25795,h
28833,h
28987,h
29206,h
30355,h
30743,h
37644,h
43214,h
47559,h
49102,h
51341,h
53906,h
54885,h
59485,h
63222,h
66367,h
70565,h
72954,h
77452,h
83124,h
89690,h
29902,h
76460,h
85530,h
47633,h
54083,h
70002,h
76367,h
84158,h
59860,h
52555,h
82993,h
47918,h
76786,h
88095,h
620,h
62974,h
47703,h
22105,h
22115,h
22127,h
22139,h
23217,h
35595,h
35610,h
35633,h
35660,h
36296,h
38195,h
49973,h
52381,h
52384,h
56941,h
56377,h
57244,h
56096,h
57251,h
57247,h
57371,h
62587,h
70580,h
73673,h
56378,h
81092,h
83327,h
86556,h
89480,h
21155,h
81036,h
21172,h
24584,h
30829,h
39884,h
40199,h
42195,h
42205,h
45372,h
48164,h
49015,h
51611,h
52692,h
56786,h
65352,h
70808,h
78188,h
81192,h
82334,h
87358,h
4698,h
4713,h
4727,h
4740,h
4755,h
4760,h
4772,h
4783,h
4794,h
25697,h
27844,h
27836,h
4782,h
30735,h
39909,h
39919,h
39928,h
39941,h
39951,h
39960,h
39967,h
39973,h
39981,h
39950,h
42912,h
45913,h
52533,h
58768,h
58771,h
66744,h
72635,h
87487,h
89046,h
1937,h
4503,h
80229,h
19859,h
19896,h
19916,h
26359,h
46607,h
57555,h
59121,h
67275,h
78368,h
112,h
489,h
24694,h
47357,h
49767,h
59861,h
73615,h
76543,h
89252,h
379,h
20228,h
23879,h
47578,h
53012,h
76788,h
83130,h
62568,h
41998,h
2164,h
2180,h
70936,h
89583,h
71365,h
71378,h
32647,h
27924,h
41794,h
67456,h
28910,h
51754,h
63812,h
73560,h
76451,h
79172,h
81815,h
490,h
3267,h
3278,h
3289,h
3296,h
3303,h
3307,h
3313,h
3320,h
3331,h
3344,h
22060,h
28626,h
47310,h
51271,h
51512,h
52249,h
56049,h
56812,h
63345,h
51535,h
56220,h
69371,h
69333,h
73331,h
76244,h
86294,h
27203,h
27261,h
58741,h
86686,h
260,h
48901,h
76700,h
85978,h
30235,h
72451,h
24995,h
51806,h
76125,h
83231,h
26127,h
70568,h
38471,h
84694,h
38683,h
62979,h
17956,h
37517,h
47542,h
105,h
29044,h
50912,h
65893,h
85249,h
72303,h
49108,h
2552,h
2567,h
2587,h
21807,h
23085,h
25040,h
34582,h
44475,h
44544,h
48064,h
54293,h
58930,h
62177,h
62173,h
65115,h
66528,h
71193,h
71207,h
77672,h
81234,h
83421,h
84078,h
88903,h
25463,h
29714,h
31124,h
55113,h
45787,h
40409,h
87257,h
72386,h
17375,h
82418,h
37353,h
63309,h
72527,h
17985,h
25477,h
59560,h
59573,h
63749,h
73373,h
76498,h
78767,h
86029,h
25907,h
31028,h
31290,h
80341,h
26029,h
65487,h
65499,h
66657,h
66671,h
66690,h
66960,h
66975,h
66984,h
66996,h
67010,h
75818,h
80094,h
443,h
23187,h
30153,h
34643,h
37289,h
40230,h
40245,h
54127,h
72376,h
51883,h
73892,h
76353,h
76366,h
25767,h
84208,h
29920,h
87730,h
145,h
49084,h
53947,h
76283,h
85600,h
85318,h
51240,h
20886,h
21100,h
71988,h
63004,h
38797,h
33402,h
41748,h
89509,h
33498,h
33521,h
33535,h
33564,h
33625,h
33653,h
33682,h
41724,h
41778,h
51192,h
41759,h
42021,h
41829,h
41652,h
50295,h
52399,h
67824,h
75672,h
86361,h
27918,h
41687,h
85906,h
40445,h
901,h
3659,h
3680,h
3697,h
7088,h
17949,h
20514,h
20526,h
20543,h
20557,h
20571,h
22281,h
22295,h
23312,h
23960,h
26118,h
26933,h
26951,h
26962,h
26977,h
26988,h
26992,h
29388,h
29462,h
34719,h
38674,h
39241,h
40310,h
41162,h
43320,h
43564,h
43687,h
43810,h
46949,h
48874,h
49879,h
51999,h
52868,h
54090,h
54968,h
57785,h
59371,h
63291,h
64367,h
65484,h
67836,h
71980,h
73168,h
73995,h
78129,h
78141,h
78537,h
78541,h
78544,h
81280,h
82020,h
82637,h
84780,h
85242,h
90026,h
90040,h
52015,h
67297,h
79793,h
83937,h
86928,h
89126,h
89131,h
69322,h
49436,h
25661,h
25747,h
47591,h
87731,h
63014,h
71351,h
78772,h
87250,h
69927,h
47816,h
62867,h
49054,h
50713,h
66470,h
54789,h
76911,h
80375,h
80379,h
68024,h
87355,h
82894,h
47899,h
47955,h
38722,h
18819,h
23639,h
29341,h
34917,h
40449,h
47539,h
52534,h
65596,h
72559,h
75910,h
79017,h
85064,h
436,h
25304,h
25546,h
29690,h
30123,h
30215,h
37267,h
39584,h
29973,h
47567,h
47858,h
37439,h
51358,h
51524,h
47857,h
49403,h
51613,h
51568,h
51570,h
54176,h
59748,h
62951,h
63035,h
63252,h
63369,h
63979,h
71640,h
71652,h
71665,h
71675,h
72580,h
73728,h
75664,h
76007,h
78904,h
79810,h
81693,h
83455,h
85503,h
81403,h
85946,h
85947,h
85908,h
87415,h
89151,h
90264,h
50735,h
84041,h
67307,h
90065,h
285,h
579,h
81525,h
640,h
978,h
1000,h
3593,h
3604,h
3623,h
3638,h
3657,h
17741,h
18109,h
22243,h
22256,h
23286,h
22340,h
24422,h
26071,h
27006,h
27027,h
28818,h
28970,h
29010,h
30279,h
30678,h
38769,h
39104,h
40046,h
40299,h
41130,h
43188,h
43512,h
43696,h
46816,h
47254,h
47377,h
48783,h
49281,h
49797,h
51496,h
52070,h
52092,h
52417,h
53118,h
54095,h
54830,h
55410,h
59494,h
62758,h
63356,h
64356,h
66647,h
67835,h
72170,h
73101,h
73214,h
73952,h
71698,h
73107,h
73604,h
73958,h
73959,h
73956,h
76532,h
77561,h
77570,h
78165,h
78174,h
78577,h
77562,h
81894,h
82140,h
82152,h
82238,h
82247,h
81387,h
85464,h
87088,h
89305,h
89962,h
17838,h
22312,h
51737,h
24868,h
64090,h
24664,h
90229,h
24880,h
30598,h
37259,h
39528,h
45164,h
45259,h
51809,h
53876,h
54906,h
59897,h
64054,h
66628,h
66868,h
66885,h
66900,h
66914,h
66926,h
67762,h
67778,h
67794,h
67812,h
71615,h
71635,h
73503,h
74114,h
75599,h
75616,h
75641,h
75960,h
81649,h
83772,h
83846,h
84110,h
84663,h
85805,h
86943,h
86958,h
87411,h
89148,h
90197,h
31240,h
65362,h
71431,h
85562,h
51631,h
79205,h
44951,h
62631,h
30321,h
55038,h
83517,h
47266,h
47977,h
51547,h
63402,h
54132,h
47623,h
63330,h
78939,h
24806,h
30626,h
54924,h
84010,h
63301,h
85096,h
81756,h
72737,h
47806,h
85820,h
53307,h
62487,h
68003,h
73698,h
85823,h
49250,h
62725,h
84967,h
63343,h
45208,h
45272,h
45394,h
47728,h
49035,h
49271,h
49768,h
49847,h
367,h
47318,h
62995,h
38646,h
81158,h
87039,h
63052,h
80761,h
88298,h
41622,h
51134,h
58255,h
88145,h
88217,h
88220,h
88235,h
88245,h
88263,h
88276,h
88290,h
88310,h
88327,h
88351,h
88371,h
88391,h
88408,h
88449,h
88461,h
88474,h
88492,h
88497,h
88512,h
88530,h
88546,h
89503,h
88524,h
78792,h
89621,h
36381,h
36408,h
36436,h
50391,h
58250,h
67146,h
78752,h
87680,h
41776,h
21667,h
27301,h
36498,h
49489,h
51280,h
57307,h
57317,h
64154,h
68111,h
78730,h
79639,h
88137,h
41892,h
51150,h
88508,h
41628,h
49551,h
39705,h
75966,h
1545,h
64118,h
1541,h
35723,h
89635,h
2198,h
41590,h
47530,h
62988,h
73868,h
78683,h
89032,h
87807,h
36473,h
29691,h
54870,h
36564,h
62133,h
85312,h
73411,h
82356,h
34915,h
49683,h
68006,h
84271,h
56750,h
66822,h
79660,h
42168,h
42167,h
64233,h
79668,h
86200,h
30924,h
2276,h
70572,h
241,h
54116,h
79577,h
88877,h
27685,h
85495,h
50301,h
87867,h
27235,h
61884,h
61890,h
61908,h
62212,h
62227,h
66847,h
81930,h
87606,h
87615,h
62676,h
17799,h
67027,h
89860,h
50211,h
69298,h
69885,h
45206,h
41672,h
89483,h
62734,h
87904,h
67187,h
48896,h
42219,h
59026,h
89045,h
50201,h
59455,h
84933,h
68016,h
85497,h
87097,h
90152,h
76806,h
47594,h
83369,h
23523,h
23507,h
23534,h
37382,h
18014,h
18019,h
18033,h
59345,h
58497,h
60022,h
69548,h
68172,h
67421,h
61630,h
62692,h
63336,h
67253,h
69549,h
69552,h
69554,h
70914,h
69550,h
69557,h
74311,h
77084,h
77083,h
61567,h
77085,h
78187,h
77089,h
69564,h
80411,h
77086,h
80483,h
80484,h
80868,h
81570,h
81604,h
82911,h
84652,h
86576,h
86738,h
82579,h
86808,h
86817,h
86826,h
86839,h
86746,h
87927,h
88683,h
89245,h
86849,h
